Date,Conflict_Intensity,Oil_Price,Stock_Index,Gold_Price,CO2_Emissions,Inflation,Exchange_Rate,Event_Flag
2023-01-01,0.0,75.24835707650561,3998.46954613957,1801.6652801544312,35.14122205554154,2.995707555797013,41983.4514551094,None
2023-01-02,9.382278227514679,75.17922492592002,4002.681004873283,1801.703846994214,35.01504915983374,3.0015930884947206,41976.69456605083,None
2023-01-03,0.0,75.50306919497037,3997.141153006125,1802.0611173748462,35.09125158780978,2.985611844975883,42003.81145777531,None
2023-01-04,12.517099142144996,76.26458412317439,3998.507050880854,1798.264716005782,34.96275179158963,2.9902335716367023,42091.519478811046,None
2023-01-05,3.3493995301677484,76.14750743581271,3997.4502785269333,1800.297371355187,35.134762046972455,3.010476667869571,42144.21827763866,None
2023-01-06,3.9416650903441157,76.03043895733812,4009.628099143531,1801.190348306983,35.096108409217614,2.996844927823643,42174.96155265676,None
2023-01-07,1.8613304695774717,76.82004536509181,4012.6723075765435,1803.3863685267022,35.236226514155156,2.998741989499747,42208.12597916266,None
2023-01-08,3.559805630389618,77.20376272966827,4016.5483341972954,1797.7938577703148,35.27914988601423,2.9921221677217806,42220.30171259483,None
2023-01-09,12.092656725740182,76.9690255367008,4012.9295645360708,1802.1706071798762,35.442040444350965,2.9963810397837114,42258.20868832076,None
2023-01-10,0.0,77.24030555849379,4008.553502295346,1802.091427923566,35.2636232204073,2.9965725175578686,42141.73068443604,None
2023-01-11,11.384826930440939,77.00859671208755,4004.7279204171496,1804.507793557041,35.26070642331786,2.9901576484674255,42136.900311482554,None
2023-01-12,6.690117405508541,76.77573183530242,4009.1724418409326,1802.6279817027898,35.26991127571993,2.9950363713161363,42158.96640822839,None
2023-01-13,0.0,76.89671297108544,4005.4625970327297,1804.053529512915,35.23736959920842,3.0130798524140037,42111.41570404742,None
2023-01-14,0.0,75.94007284875654,4008.860345601694,1802.1466983865678,35.328603558757074,3.011170814496731,42140.731869938,None
2023-01-15,13.381965136041016,75.07761393250003,4030.1143535881483,1801.099160465176,35.28712785278757,3.0183683939182124,42140.50830888869,None
2023-01-16,0.2724656002863437,74.79647016787953,4039.3256006224656,1805.1272231729097,35.35525917746063,3.005435664339501,42238.28209380447,None
2023-01-17,0.0,74.29005460771232,4036.565365300787,1804.945858371383,35.491738668086114,2.995871300571321,42326.93308006521,None
2023-01-18,10.686572711823647,74.44717827400996,4049.0775045224264,1805.5807241177424,35.280699818312506,3.0005953633501248,42313.6428016093,None
2023-01-19,6.692764381429571,73.99316623624935,4045.496750792211,1807.52085957912,35.51651509485288,3.015436523635484,42316.10091603096,None
2023-01-20,0.31037211731800607,73.28701438558171,4025.615505440432,1808.7122233550651,35.555198697912516,3.018992657123341,42322.40353775054,None
2023-01-21,6.083124877023095,74.01983877004248,4016.0346423312585,1809.2130611653524,35.432415977346054,3.0158620768181095,42309.820563942565,None
2023-01-22,0.0,73.90695061979922,3997.8267231209998,1810.1429831702849,35.25253768214291,3.015854990872343,42329.57181314397,None
2023-01-23,10.504106992113027,73.94071472214318,3994.811588280587,1815.1498143407614,35.42419515980131,3.0033509135326457,42301.65770969959,None
2023-01-24,10.306854824365669,73.22834062903645,3995.495772072482,1815.234576746694,35.63467411582283,3.0093960667961994,42255.12694295272,None
2023-01-25,7.660030994109715,72.95614926677386,4012.760145195235,1815.836774840124,35.52241768156912,3.0182193974194336,42296.26250414773,None
2023-01-26,6.8083053062350825,73.0116105616288,4016.5294189328765,1818.1380836321393,35.444226164642714,3.0136984940911025,42337.73898335882,None
2023-01-27,13.805940624336868,72.43611377291765,4014.838413644788,1820.5491354980552,35.5128425659408,3.0089980726135077,42307.52319537582,None
2023-01-28,4.998431636941127,72.62396278209047,4023.632469456623,1823.123196109176,35.66624735037123,3.011656854910028,42362.29096691395,None
2023-01-29,0.0,72.32364343713108,4002.021116366544,1824.6006565532343,35.65541562105812,3.0072896575496224,42340.71208045568,None
2023-01-30,7.247369564161534,72.17779656223443,4004.8772619476294,1822.5146467277734,35.59508776843233,3.006628331403364,42363.37034235758,None
2023-01-31,15.43023524768557,71.87694325611974,4013.0859138864994,1825.9815097923756,35.60020938815342,3.027625549295029,42414.3875429882,None
2023-02-01,0.0,72.8030823483742,3998.800051428701,1823.8888190063383,35.61528951523375,3.025155292287569,42422.70691475302,None
2023-02-02,3.192686166530071,72.79633373600524,4010.7375918607704,1824.6940899368162,35.5794511539409,3.021571890767357,42455.44396036008,None
2023-02-03,7.082230190507263,72.2674782715273,4014.6225559357144,1823.3855382367776,35.85010080029022,3.0150964727110052,42439.62247816569,None
2023-02-04,4.730475754971304,72.67875072757889,4010.969676796706,1823.4572615435916,35.67283752377717,3.0225383924260045,42439.799148994294,None
2023-02-05,0.08848209811342755,72.06832890259338,4017.7974954577694,1824.3147863641987,35.842918299426366,3.020726150693824,42439.506177450276,None
2023-02-06,10.609289281152353,72.17276070009575,4041.0044240358134,1825.1575007950992,35.88908492117658,3.0142324203106092,42412.177260123266,None
2023-02-07,16.600203610086297,71.19292563815587,4043.323086586398,1826.2013423035696,35.85214492348196,3.0274454606333396,42413.33855196747,None
2023-02-08,5.980657295119537,70.52883261370665,4046.3052924494013,1829.628764841687,35.72411383292969,3.041641490678476,42345.907637024284,None
2023-02-09,0.47965855131999824,70.62726323164121,4042.211683453999,1830.735833444715,35.82220449150169,3.035637255021089,42331.34994966718,None
2023-02-10,0.0,70.99649652163892,4034.213239759351,1830.4475201741336,35.79355341797767,3.0169718555074825,42327.1061749987,None
2023-02-11,6.289879906105904,71.08218066223391,4043.0165979247936,1832.5756945107105,35.71932267607773,3.027046992405852,42324.29718737393,None
2023-02-12,10.519386716581288,71.02435652103978,4034.955759665705,1835.1546354885597,35.85541979406582,3.0202006941482518,42322.22231508039,None
2023-02-13,7.375838732476908,70.87380467324513,4036.171422037899,1832.8994198582857,35.717934970723164,3.0281069501398794,42329.13410508738,None
2023-02-14,4.987980795405731,70.13454367806142,4031.8948475702477,1834.2942199979855,35.96701924372588,3.008405911962761,42363.10618099169,None
2023-02-15,2.053641741053469,69.77462157386407,4037.1846458277114,1835.8965654826072,35.81375262668366,3.0173318853457545,42416.83203469831,None
2023-02-16,0.0,69.54430218838418,4041.021266880581,1835.5014384758872,35.89183773341386,3.0052201660529465,42394.3437733559,None
2023-02-17,9.17375663162441,70.07286330149364,4051.89666632316,1838.4528521025104,35.911096231004045,3.012527807243612,42344.18373058644,None
2023-02-18,9.568858106927928,70.24467244627786,4047.296502334613,1838.3527409284454,35.86745503641516,3.0126705379219763,42302.08150997428,None
2023-02-19,0.0,69.3631523685965,4045.0977529816787,1838.8038938353884,35.96211981475791,3.0031311437280097,42287.72136391454,None
2023-02-20,12.949194890903419,69.5251943532939,4035.810115823856,1838.6577501868207,35.865586428276856,2.9990607805987417,42280.12529802371,None
2023-02-21,7.870356104470007,69.33265321308573,4031.867183223095,1838.8889082819837,36.009349242607534,3.005923965168309,42251.625494713844,None
2023-02-22,11.997973225728966,68.99419221293276,4036.140188153543,1836.8963581081932,35.79627578061953,3.0069829096994614,42196.819661501344,None
2023-02-23,0.0,69.3000303573532,4044.2100743199967,1834.2162563430047,35.95167287524741,3.012827039504186,42184.01362012764,None
2023-02-24,0.0,69.81553011860117,4035.4884210782207,1837.6052664694546,36.14059159588863,3.032591445349341,42203.084951133336,None
2023-02-25,4.255153451163515,70.28117017815927,4044.684480279277,1836.111343772818,35.853827892887594,3.0169490292322303,42242.83642442511,None
2023-02-26,7.513922134475971,69.86156141654794,4058.7408588673266,1834.3285590739054,35.89274361457889,3.0331211549819166,42224.965271769695,None
2023-02-27,13.981804114634818,69.70695522862233,4063.3752078995635,1830.2217788466978,36.018057213659105,3.0341647143571486,42214.31538066253,None
2023-02-28,8.530394569075657,69.87258694432413,4082.643166025144,1829.143855351319,35.99026089807435,3.0251768738739173,42177.980465220164,None
2023-03-01,3.7865936159398332,70.3603595078853,4075.4052740341085,1826.6976757645039,36.012487009677855,3.0118737376165274,42186.408506701424,None
2023-03-02,0.0,70.12077238896265,4063.4587270009943,1830.1817060847766,36.030946268668195,3.009982533708757,42153.987074991885,None
2023-03-03,11.15000286359575,70.02794290063075,4046.1715245119517,1832.4013402634619,36.04958309602434,3.019199034828002,42192.64346565394,None
2023-03-04,0.17647287124642563,69.47477541362774,4061.6319676268436,1831.2250395731064,36.10064200158999,3.0179235436242267,42113.350141057235,None
2023-03-05,13.142342773861609,68.8766721015874,4068.675624190384,1835.9299111837952,36.033690739790906,3.0330350929267,42105.368657434614,None
2023-03-06,3.5780767519674535,69.28293501278449,4068.6197774812795,1838.0934421577783,35.97109414524883,3.0185233360261843,42130.4240243942,None
2023-03-07,12.952910363089252,69.9610550270699,4071.9194637444775,1837.643779390761,36.06446116730145,3.0184024465477237,42149.61575021032,None
2023-03-08,8.394656450296392,69.92504996627974,4061.1645732714937,1832.844967961014,36.18864767616998,3.0058785121035925,42294.26743340935,None
2023-03-09,4.315022552787709,70.42681641522576,4086.1220930676623,1837.6268531061953,35.98632282151974,3.0095148309298425,42321.757434637744,None
2023-03-10,2.4030181408693667,70.60763442774957,4087.9143048874143,1835.047708172668,35.90253051628324,3.018383704830815,42281.55470479564,None
2023-03-11,3.2954606132696007,70.285074550447,4089.5082528334633,1831.9569106787544,36.110559090969545,3.014176086894005,42286.781492441194,None
2023-03-12,7.141583461876188,70.46577235320122,4097.26591907245,1834.2020515427737,35.98715088177621,2.9881339483277336,42207.96917576787,None
2023-03-13,5.385782481088584,71.2347906364342,4102.576011389818,1839.2815563554523,35.78073076520429,2.9901234297956982,42213.93918830303,None
2023-03-14,2.0309429596564743,71.21687761687923,4105.314851632609,1842.2501019924732,36.08101998765707,2.9944908153130334,42182.28638545299,None
2023-03-15,4.171842948411839,71.99919944478623,4097.910107078155,1843.577920232578,35.94049739098528,2.9985337628626505,42238.055899231,None
2023-03-16,5.392885148595749,70.68932689274135,4103.1247906495155,1844.9674289159086,35.98220275101013,3.010891584780872,42220.57888550122,None
2023-03-17,0.0,71.10027814492896,4122.445035614266,1846.8742600334692,36.021154931385645,3.0001810479843813,42224.74058971146,None
2023-03-18,7.290840573943493,71.14380167904805,4136.399236075816,1848.5921172130427,36.00318438234015,3.006983209038886,42202.96269764124,None
2023-03-19,0.10139387641596631,70.99429800381512,4152.831102342209,1849.3545000609815,36.05073583375617,3.0189082841636656,42299.90526523391,None
2023-03-20,0.0,71.04017839208286,4148.218945577898,1849.7629022688852,35.93137927512484,3.0011224083236008,42293.84312692801,None
2023-03-21,0.0,70.04639393478243,4138.822897375312,1849.8377160130863,36.02085935030464,3.0043189265827905,42395.47097910197,None
2023-03-22,0.0,69.93655799086366,4138.065028174316,1848.5297868353528,35.9377014084344,2.9992771282727135,42446.178567207884,None
2023-03-23,0.0,70.11511427661954,4139.122277297202,1848.1684366816194,36.03113399864237,2.998461901541697,42480.28190357466,None
2023-03-24,1.454895211847548,70.8540612989903,4150.564192481912,1844.9825230532285,36.01187953359165,3.0019386663770806,42508.71856094053,None
2023-03-25,14.76629568763284,70.59492618985348,4134.139546184763,1844.985843799639,35.84938537008922,2.9970663807359452,42538.40842585135,None
2023-03-26,2.3706016205239804,70.19067938840688,4149.93504937937,1843.2086615853373,36.04361445430292,2.990309299944329,42452.02479688406,None
2023-03-27,5.888750531340157,69.93980086661462,4148.85497039358,1841.2014829509055,35.8730116392271,2.9906508241192094,42448.080627176525,None
2023-03-28,7.002406932531644,70.39750192546565,4145.086159694106,1841.7612712532125,35.99851469698506,2.9797783647305813,42500.338525735744,None
2023-03-29,5.655325931079243,70.5618774802955,4135.465115941504,1844.745275825902,35.945052487956886,2.968920113441729,42507.893666562035,None
2023-03-30,4.612782696370032,70.29699737841197,4119.416549222847,1846.7819090379064,36.0822758409487,2.975713846271294,42447.63417422186,None
2023-03-31,0.0,70.55363109496865,4128.148255062466,1843.84090783066,35.865768694870425,2.9642259059197076,42455.013951692985,None
2023-04-01,12.25463774139606,70.60216986964267,4129.38143473435,1842.0616515575193,35.84237101458762,2.9708890309287996,42550.21922750576,None
2023-04-02,14.035983218189426,71.08649236490912,4116.981825736939,1844.143193933496,35.86408344319567,2.9755149438573394,42622.5638132825,None
2023-04-03,0.0,70.73546581797044,4104.531038016303,1842.3782191464193,35.823971416957704,2.9582568765694335,42629.463612814194,None
2023-04-04,0.0,70.57163474467156,4101.673191023401,1842.1289528464251,35.92209507511702,2.9514812300460767,42687.0360766671,None
2023-04-05,3.6009482881149695,70.37558066810547,4118.863406276296,1843.4290570444743,35.66783526802119,2.9634223240765505,42678.71072564869,None
2023-04-06,0.1773110254490433,69.64382319403941,4116.7674927626595,1841.692368134747,35.71102417745043,2.9536106687651538,42603.51714630736,None
2023-04-07,7.529827767279326,69.7918833325717,4102.2360632314785,1842.1031191470388,35.69610578928096,2.94896662614206,42567.29384690088,None
2023-04-08,1.358638987966935,69.92241096866165,4100.278632590619,1839.6350681572026,35.88398522834869,2.9535872350745787,42655.438285326294,None
2023-04-09,15.825280339033013,69.92496769698288,4098.051396893142,1838.6323328693002,35.94566629908585,2.961421140167405,42651.738631234824,None
2023-04-10,70.95274297171798,69.80767413029531,4071.5825304637265,1839.4718967375852,35.74940023829083,2.95890575130696,42649.56943226608,Airstrikes
2023-04-11,60.35311523531864,74.52901326748587,3990.1042141753123,1863.6310318116007,34.64199580814226,2.9586404042778858,42644.57752245233,None
2023-04-12,59.258776501277566,73.8020506163553,3996.044468719443,1862.1287813387821,34.75365447151171,2.9780305027923495,42749.78435193098,None
2023-04-13,54.97859536268962,73.16321816371433,4010.518660283241,1859.9521297690408,34.940389196073355,3.0000942513741014,42841.08229769908,None
2023-04-14,42.399465321847146,72.33909048122706,4035.8530569508416,1859.1421644384925,34.79974317333571,3.014112722360684,42962.02130937149,None
2023-04-15,37.31075336004818,71.87571130745602,4053.35975201539,1857.876311116932,34.97617284438924,3.0187932669657145,42964.06904885149,None
2023-04-16,38.31941348048983,71.73142259415165,4056.365577235516,1859.0730212683213,35.102068457906206,3.0141737511664215,42988.850273288845,None
2023-04-17,39.103298849974294,72.36115755094121,4050.500688055335,1857.9566803045386,35.09992838697286,3.009002887039013,42923.018145817805,None
2023-04-18,32.65503984030038,72.164908419312,4080.9873566585106,1855.8801790320626,35.10774138852263,3.0170634084721217,43006.86486712372,None
2023-04-19,21.50919717348096,72.03712778841366,4085.927878392551,1855.0419949068282,35.22212302196806,3.0238129489436063,42958.47588956032,None
2023-04-20,23.058644250532325,71.76776351911562,4090.049290982905,1855.1678844078265,34.87972441213505,3.04015034798722,42979.314667748455,None
2023-04-21,24.602400703912885,70.59832776662593,4093.458792284407,1854.415353824277,35.241132860278896,3.0487553503609828,42934.44954136681,None
2023-04-22,22.693324693102976,70.39500959818605,4098.7905583528145,1853.7462310531084,35.126934267153146,3.0356251596505377,42915.00620002988,None
2023-04-23,31.214618465989794,70.25315018988744,4100.426571932612,1851.6823751111492,35.02436438480134,3.047864380960458,42883.14307847739,None
2023-04-24,12.8658781245014,71.32916227157564,4097.524086482127,1849.7785284032752,35.27007756875266,3.039439864432858,42862.7493154436,None
2023-04-25,20.91575581808516,71.09218096642601,4094.6675094111088,1846.4693137458803,35.36461844792176,3.037008159940925,42845.79318028615,None
2023-04-26,24.559356621320774,71.11555278467017,4096.751004502788,1849.531457967641,35.21886103530264,3.0407841805326687,42828.379740539895,None
2023-04-27,27.31826017027806,70.98291893616603,4093.5459262462236,1846.667341678601,35.33057032066527,3.0618936350670234,42880.04643612891,None
2023-04-28,12.895946177375386,70.29427210236938,4088.4820856442557,1844.9599922080747,35.396752899050526,3.094035898776946,42834.80329647579,None
2023-04-29,16.431264416959102,70.77130189563317,4091.46211213108,1843.2512696069678,35.365043665281156,3.1010469455082452,42855.83036782648,None
2023-04-30,15.968918780189997,71.06186839606042,4090.6933401956135,1844.814118281276,35.393560722913286,3.100068979480202,42926.728325441756,None
2023-05-01,13.324794352945368,71.38011123968016,4107.392367029967,1844.0378532751831,35.29795607424868,3.1061867672640258,42911.068507216085,None
2023-05-02,11.1539634955435,70.85549789293891,4082.4314632361957,1846.383739323811,35.22379869368863,3.115762517716203,42885.17256267871,None
2023-05-03,13.195407570868454,71.49362916056978,4094.7955200729775,1844.9204286361373,35.04705503185822,3.1131885003390027,42883.646331419695,None
2023-05-04,0.0,70.73545828657329,4108.61505213696,1845.3921902475834,35.172264034599465,3.13171306732413,42952.63259183773,None
2023-05-05,13.335447367747086,70.97708910548035,4089.1581157327737,1843.6625075010982,35.10091283065682,3.1345317521959744,42972.337973385394,None
2023-05-06,10.087304211169869,72.02544839592794,4086.9342676288315,1847.9184631443582,35.3895628358875,3.139977868311462,42955.77725865502,None
2023-05-07,7.9199562804936585,71.4877718405151,4084.355984861586,1845.5312243420615,35.14108046775663,3.147061194760482,42989.97109121442,None
2023-05-08,18.88291473611087,71.16625027502651,4071.3564584247156,1846.1590022590797,35.156256114892,3.1516607878734986,42944.8564837226,None
2023-05-09,4.926723109431673,71.18135490215748,4064.5991073799996,1847.4529507438797,35.183505535852,3.1603974034323232,42988.92445924474,None
2023-05-10,5.971844156746682,70.89820016496812,4054.4646025773104,1848.3234643881262,35.11637481568709,3.1545390406681664,43019.35482462984,None
2023-05-11,17.66071865463714,70.09444125358921,4072.9137149492344,1848.0107530911416,35.26448832734698,3.1492402950871647,43013.96440107289,None
2023-05-12,3.2854257144526895,70.10300075050107,4083.1563287380764,1847.822501739219,35.01506695329757,3.1384959726623594,42982.03511115053,None
2023-05-13,4.4624136293917065,69.54857467417527,4096.720992979959,1847.9937535858635,35.078584876430604,3.143123727163189,42947.70106503636,None
2023-05-14,6.267269080465315,69.76431150484737,4104.753604390074,1847.794452659379,34.96617158619453,3.1511236860447647,42984.44193185365,None
2023-05-15,11.015515415986856,69.28554406850243,4094.2489164663225,1849.8269342968288,34.88926747271757,3.155891967898564,43055.8909569781,None
2023-05-16,7.67843588360412,70.04326930516103,4089.762343291277,1854.3617704707606,34.94055076294243,3.1728093118905414,43034.02556962666,None
2023-05-17,0.020284852459050207,69.63604148313121,4095.390106541482,1853.3687810214365,34.978135499943825,3.172909363460868,43066.94490480424,None
2023-05-18,3.6814034957339885,69.46089419734332,4083.880576367838,1850.7585924238529,34.91871743990781,3.179737945293643,42972.59355387413,None
2023-05-19,3.1777425206872065,69.85487964356598,4091.7021581064946,1850.7181625148396,34.871951469307945,3.168948668156872,42953.36266734127,None
2023-05-20,4.613894773884772,69.11799601667418,4091.620676155035,1855.4703238467741,34.801861669686396,3.106292185818876,42961.80972069773,None
2023-05-21,7.129218293149146,69.23172598397625,4088.3724680795394,1854.0629747108346,34.91122287402041,3.113247563394534,42926.32554984864,None
2023-05-22,7.09102877943986,69.88529736111747,4095.9820677615744,1857.5412083217227,34.74614403080853,3.1217385845019656,42889.50023110916,None
2023-05-23,0.0,69.08155574383684,4100.924700876435,1861.0966099498758,34.94975906212391,3.1187989150253235,42866.111253285715,None
2023-05-24,10.31970493780428,69.173872673103,4097.815039218244,1860.1894334664596,34.85920170911728,3.118082922506743,42890.72088970203,None
2023-05-25,6.262844229983117,69.30381407022722,4109.908337251886,1861.5273996248302,34.682485796962226,3.102904185039935,42891.35443878172,None
2023-05-26,11.92266023796953,69.69472550611587,4099.597703975887,1864.9841928710873,34.77469422997937,3.0993338930318686,42789.44287711546,None
2023-05-27,7.220991636453359,69.07625015067683,4106.25706004533,1864.4259373891123,34.707876650077125,3.1082377246670667,42693.407869483715,None
2023-05-28,10.50661478867881,68.41602184413469,4112.688072625014,1864.2187766689076,34.79260178675436,3.1139897748281324,42673.06461059085,None
2023-05-29,7.332726557250634,68.67699262694313,4110.092608231874,1863.2554148410104,34.87244818660739,3.1189964320419445,42705.94893989353,None
2023-05-30,11.73112878101374,68.82548496355973,4113.8539384542955,1861.4259013796245,34.52874326449831,3.119494168913754,42578.57369775727,None
2023-05-31,7.611253180088893,68.95073138873268,4101.842802690442,1860.3273462894927,34.70577078055499,3.1195648005000356,42563.587188949685,None
2023-06-01,4.51042376778548,69.12395549348116,4111.583072882511,1858.0794657559682,34.65642449492803,3.1129615891053013,42547.27479612382,None
2023-06-02,16.362173602234407,68.78394313269192,4110.234051518081,1858.3476326924865,34.71791488781177,3.1199498733073265,42626.69168503424,None
2023-06-03,9.44518561139946,68.90006998127241,4105.506821312891,1857.0076862303692,34.6506286237787,3.1241596027512206,42617.4405944486,None
2023-06-04,7.868722105022066,69.04660621792175,4116.49691357126,1857.6752580539508,34.53283645696604,3.1290797912311485,42646.59004368564,None
2023-06-05,0.0,68.68943050890857,4109.953476665832,1854.7634667615434,34.555060043443426,3.1238194428044728,42663.65290069002,None
2023-06-06,0.0,69.62231776448095,4096.368863702197,1855.6252272259724,34.4865136752021,3.1022860136057604,42567.12457669966,None
2023-06-07,6.4635774107092665,69.85923422493684,4081.3025719669577,1857.4922851491901,34.65309761905161,3.113257540723297,42615.53493753124,None
2023-06-08,5.727605988841204,69.26358247633551,4087.862671480414,1853.7048138640473,34.5272494565082,3.1084691661632133,42636.30476280406,None
2023-06-09,1.929387174958419,69.59185928065243,4075.558377955451,1854.6529270037424,34.69511028299172,3.099841408522782,42671.71819478778,None
2023-06-10,5.7049134980603,69.10451844553877,4093.6063197752947,1857.308264988689,34.47906025308845,3.106776197641922,42878.0300801096,None
2023-06-11,12.943134640217979,69.49806074741,4073.2870256964575,1855.0889829513067,34.39469349718115,3.1028560712427304,42783.82443313467,None
2023-06-12,8.477012372751494,70.0773585369137,4090.751589379358,1858.6341277249821,34.294853670978185,3.1134554350831967,42880.05926562273,None
2023-06-13,0.0,69.66701737773785,4093.361764051384,1859.6721657437142,34.24689540361091,3.1196254945789637,42875.68688965271,None
2023-06-14,4.442455864285281,70.14870544236001,4092.89463293268,1858.4621420321973,34.250083434858745,3.1264611878109685,42900.053334872864,None
2023-06-15,0.9751675957371955,70.35509590582825,4087.9454420645907,1858.550603876882,34.41681066070108,3.1128016306989634,42907.777722607796,None
2023-06-16,3.0615004179571943,70.7661259858255,4092.436803208111,1859.8672577019254,34.42289451851957,3.124921070552827,42896.565905937896,None
2023-06-17,2.931921671851786,71.71452247715247,4092.5604561838627,1860.2192684847503,34.19615959526821,3.127533575865166,42878.07425952596,None
2023-06-18,2.611772086979974,71.59182841915104,4104.093475004028,1861.496780469643,34.42638117316682,3.123840804472704,42904.54969630461,None
2023-06-19,0.0,71.2149603369723,4105.735751490648,1859.8554332834842,34.27152115706074,3.1252746891461265,42838.691011471026,None
2023-06-20,4.361726592409049,70.77020312215953,4107.738769105267,1860.3941549315564,34.31781675920102,3.1075123368171433,42886.219969847116,None
2023-06-21,2.19696181576345,70.36229797967681,4104.602646983129,1857.7667259377463,34.448038832194946,3.11159886493195,42875.41024960285,None
2023-06-22,0.0,70.32374712496976,4104.533190745918,1857.744273815049,34.36055777269259,3.101305149850129,42828.90678265083,None
2023-06-23,15.264860122508315,70.49432311237808,4108.111208434839,1856.1364585321194,34.228464053105,3.0877784469916936,42816.406139751045,None
2023-06-24,10.443848271083361,70.6326685120431,4091.509524508272,1854.8653986469399,34.151035617313894,3.072554855129515,42889.263600594175,None
2023-06-25,3.1184963753750194,71.0462601365611,4078.527670287215,1857.5375849973607,34.01021349803941,3.083681738879414,42872.49684624336,None
2023-06-26,5.094095248702992,71.05276108250006,4086.460311227442,1859.9202052385492,34.13913019892442,3.0773891049424864,42900.41952715384,None
2023-06-27,0.0,71.77952812107871,4088.668965608722,1861.3384814803637,34.176000894678346,3.092726382041651,42873.87171336807,None
2023-06-28,13.478614389054327,71.64719970445974,4087.329132245195,1859.3538559510184,34.084889627919814,3.0873683674111283,42921.76780586425,None
2023-06-29,14.486443473865558,73.00728428775454,4088.013471575849,1858.921039051629,34.157407974425915,3.070294787835199,42966.04319280376,None
2023-06-30,5.7834686412326235,73.32011796163705,4091.9892886294656,1861.5472344515872,34.16558430337306,3.0591295434357124,43068.47363446858,None
2023-07-01,10.117653220926723,72.8915391834289,4087.091691826372,1862.030668278867,34.12322500657806,3.0714876596357814,43069.695437193615,None
2023-07-02,5.876433894669619,72.35609293439835,4079.808644572349,1866.8693273588303,34.068974338133216,3.069928677856415,43113.128177431514,None
2023-07-03,0.0,72.59732914201994,4082.2670971233256,1867.8559630376192,34.13956277299723,3.064445804891509,43128.03155440846,None
2023-07-04,2.9408831551817136,72.48559774935703,4072.9833693471755,1868.4400612705992,34.15607877184933,3.0660459871500367,43202.825143501614,None
2023-07-05,5.659639833859785,72.84259799640307,4077.56589690432,1868.0218283421943,33.992502618986535,3.0710638145117124,43176.88352412118,None
2023-07-06,2.727261406282779,73.07921680868984,4061.0400608619416,1868.4889101517588,34.23276948135788,3.0822378026707367,43224.13378976504,None
2023-07-07,3.9067336128248202,73.0428023523614,4071.831617235198,1868.3839704789978,34.07243226961462,3.0967227949696663,43224.398924959205,None
2023-07-08,4.543002212454428,72.6194054933272,4077.0575920593287,1870.0001878323749,34.075276978555976,3.0931251085117752,43231.18951610378,None
2023-07-09,4.595607510672694,71.86198188098427,4080.1178894024674,1872.113592465964,34.135805199640245,3.079864631650955,43245.7771403262,None
2023-07-10,5.261292452487416,71.63872440495075,4090.4447992419223,1870.7416135449482,34.08039237283267,3.075729980039722,43268.38916014753,None
2023-07-11,0.0,72.0669238021125,4107.599543686548,1868.2791476378327,34.14497087820097,3.078332785105551,43272.57770799143,None
2023-07-12,1.4149192543603188,72.1739706741776,4118.24324433673,1864.806736891626,34.07145946596657,3.068695195843445,43293.31336714996,None
2023-07-13,0.0,71.5511012848216,4100.334502023413,1866.022719545451,33.97510018634316,3.0591236866944946,43382.21927002807,None
2023-07-14,9.889077748431003,71.6376917477472,4088.038732356056,1864.0159863331035,34.06660158203358,3.062561565509993,43441.49175430883,None
2023-07-15,0.0,71.83035043761161,4082.290546579099,1859.9102051471984,33.910699467086104,3.0620750419942886,43494.94948393368,None
2023-07-16,10.767951716584626,71.38842171951104,4083.0514570812074,1860.8873623562604,34.03106531853538,3.0624030119484047,43482.17250763248,None
2023-07-17,11.931746986314216,71.46528427248381,4088.728047285899,1866.073361391126,34.01254258657331,3.0548180586014038,43447.71046622107,None
2023-07-18,3.489097065086893,71.49438863170681,4081.970609154364,1866.261219568046,33.991231415944,3.052514051459346,43505.47549413295,None
2023-07-19,0.0,70.9229034827915,4084.3382767991347,1868.1382011169494,33.99589016961556,3.043271720016663,43559.27783375944,None
2023-07-20,3.1934471901635475,71.10179716296564,4077.2844474756016,1868.5018598340446,33.817784885869564,3.052173704127911,43642.91136754699,None
2023-07-21,4.6790791935559035,71.38218942614975,4071.6692694456824,1868.5040805276622,33.948849689283875,3.0625261974751488,43622.71233624853,None
2023-07-22,0.0,71.92371504773739,4058.1026584772,1870.542233493638,34.011286770308416,3.044064318852768,43621.234903480516,None
2023-07-23,2.423908030958786,72.45061607375484,4049.370326016091,1870.1616844052605,34.01679664102817,3.0347692102508437,43549.26069535424,None
2023-07-24,12.650975994316756,71.7617813897763,4036.3534799599274,1870.8964690334044,33.89738146186655,3.0198039176999427,43539.6371400512,None
2023-07-25,8.324635811508704,71.29286886981873,4027.0947474301543,1871.7398646457964,34.12658733733616,3.0133036783558738,43599.465665580174,None
2023-07-26,0.37717942810950067,71.55038650342307,4038.1311653962325,1870.6036837385102,33.91379631902055,3.01246929865797,43586.14089661876,None
2023-07-27,0.0,71.80727947887917,4029.1371765079134,1872.7877684375833,34.098286237372214,2.9979728464609847,43628.1648863788,None
2023-07-28,3.364913411951145,72.06480332203219,4055.9609971562872,1872.6378489241924,34.04551563900599,2.9887542483297316,43628.63973107891,None
2023-07-29,3.9327161032478086,73.99116906735955,4061.3941761650963,1871.3263586052067,33.94015735830494,2.978714674608917,43654.84258248999,None
2023-07-30,7.480995936816582,74.27661432270614,4063.742537402045,1872.5993782923476,34.184822215162896,2.9807873479029063,43607.45801299921,None
2023-07-31,2.323416437161705,74.84439714279644,4055.6589596002327,1871.0024423287655,33.89096429942998,2.9814807912732686,43621.7184854809,None
2023-08-01,7.5574978768093075,75.32139802454304,4063.1620583943227,1871.2588046435037,34.10580446819284,2.9742634157398964,43482.16168693586,None
2023-08-02,14.675770200301146,75.64709365019594,4057.905680131945,1871.4405666502153,34.118030676150866,2.97603162446129,43482.81687902776,None
2023-08-03,9.077505112221314,75.48945902787577,4059.6257782783987,1873.8123577818785,33.95551397934184,2.9705648236154176,43411.29321684201,None
2023-08-04,4.7595574633461375,75.8689436381224,4085.7266236610863,1874.9617542476385,34.16694381012604,2.967848272512157,43481.59294266935,None
2023-08-05,4.0842476447335265,75.48253103085362,4085.2660246638397,1875.111700330148,34.00832891984688,2.9845827934151425,43530.463310307576,None
2023-08-06,3.2166343291006436,75.3641217274836,4097.2587579266965,1876.9472329285486,34.06835125129661,2.997987403933046,43563.79685940588,None
2023-08-07,10.903204562260722,75.12143995356905,4090.726993675438,1879.9276480265833,34.07217115852897,2.98499159156377,43649.847170763845,None
2023-08-08,1.8634327702434854,75.16237702326222,4090.877108770468,1881.243268639287,34.03987042987014,2.9932889157425615,43612.40134472261,None
2023-08-09,5.2261135449999125,76.31970630659897,4109.085115126823,1881.4639738789738,34.14204591002321,3.0014028812874773,43709.76950461839,None
2023-08-10,5.255989509405427,75.3860737103031,4103.315444548945,1879.0403014142735,34.14847512341102,2.9899202483999514,43766.3790828314,None
2023-08-11,2.4910790359423403,75.72920380549036,4121.939930128915,1877.1100740881227,33.90292728981437,2.9981080248375,43764.551318470454,None
2023-08-12,0.0,74.92284586989553,4129.51744948347,1876.6996246794133,34.2173572303487,3.0134873440216254,43831.3323258296,None
2023-08-13,6.61487251808834,74.68687993700081,4124.392781724527,1875.6806002750948,33.930300366586046,3.0022618959591814,43786.017650209025,None
2023-08-14,4.694980140723082,75.2313552354845,4131.216859115082,1875.506657669124,34.2099090866486,2.9930868677490388,43754.79194213264,None
2023-08-15,92.50120234718285,75.26349524503223,4141.44240361135,1875.8199575189183,34.22990306983332,3.0032634824174735,43734.36245597065,Oil facility attacks
2023-08-16,79.24317900086074,82.41574090937323,4032.7937324339364,1915.53493329416,32.48095797849077,3.014067254992674,43717.91357056745,None
2023-08-17,80.69622050569369,81.32618240260044,4028.5700850171743,1911.9344024773277,32.706861934558475,3.026901084266497,43675.08568842944,None
2023-08-18,63.585679851886795,81.00372475169952,4031.732561139449,1909.796123138139,32.78178725311276,3.0369295416841844,43746.239841784205,None
2023-08-19,70.53740533311881,80.0393069513493,4038.745892051309,1907.1288995453008,33.003124868871396,3.0468288457383825,43743.29712176572,None
2023-08-20,47.81692352643253,79.60532646239474,4046.634704516492,1900.6669174938652,33.1151105841763,3.0389862222927273,43770.92237018356,None
2023-08-21,53.82283939077671,79.13750068158848,4060.7006010033715,1896.535188202437,33.33529340971635,3.054365516366523,43752.404801862875,None
2023-08-22,49.58690423490293,78.36777668321334,4069.636468381287,1894.2273939681324,33.4908628795498,3.070500654536523,43671.37463683545,None
2023-08-23,39.21517661025942,79.03806984064539,4062.8082081026455,1889.9996100462972,33.59387765961169,3.072223535968149,43694.87750475502,None
2023-08-24,41.680390767255986,78.99157526460311,4072.5619979207245,1889.5821970702832,33.48533891158166,3.0754233073420236,43609.26475598403,None
2023-08-25,42.66734584837339,77.65013711343647,4084.10085824113,1891.1993644457814,33.601368928966934,3.0634009008948446,43615.83305367976,None
2023-08-26,22.20994791756644,77.4457932322976,4094.662328298294,1892.3490329565582,33.52882202250683,3.0715191588402586,43557.41730173812,None
2023-08-27,33.115232049991256,76.84564658973345,4110.008936706539,1890.775880163798,33.686180385755826,3.0799322673591996,43666.78110169966,None
2023-08-28,15.69884830624068,77.02823269666695,4122.502616658998,1892.7391796351749,33.92811154445362,3.0817466627938526,43722.34923780839,None
2023-08-29,21.13241791742051,76.41152628016515,4130.901108160564,1892.1342843131517,34.05378021231081,3.095194656865412,43737.63692737197,None
2023-08-30,32.11189543712126,76.15469022718969,4133.691468529607,1890.6627732097056,33.82555166816893,3.093848562878033,43810.8222612547,None
2023-08-31,19.25229386258544,76.22669790837284,4120.289148569053,1888.7335380910886,33.943064163355665,3.10129948172004,43778.50646238141,None
2023-09-01,14.658699722437582,76.49626505695159,4127.534987487975,1887.5120464755805,34.04990560407957,3.092735942818182,43815.68043131492,None
2023-09-02,18.060716853911448,75.74834744885892,4132.3284054280775,1886.1968458156744,34.128027027555966,3.093978115355087,43835.67095300085,None
2023-09-03,28.05286432474174,75.44738954444736,4137.549803097398,1886.0691418279698,34.06403073109137,3.0935716456409694,43858.87195706754,None
2023-09-04,7.34508783908195,75.0889335329857,4127.097067677412,1885.9853730106636,34.23015077522339,3.097034558420191,43932.48963207287,None
2023-09-05,10.15224684330674,74.65279864933798,4118.428556283742,1885.6441137141662,34.18112007919922,3.0944339918054657,43979.11423721186,None
2023-09-06,21.90542687669651,75.43647297540802,4130.9458767281285,1886.2227260833065,34.266033015824,3.0941097937894546,44003.550420353116,None
2023-09-07,22.81051343412698,75.5493371564525,4132.394725306103,1888.3558852606989,34.3594839026726,3.1032665322482296,43930.8060485417,None
2023-09-08,12.193869908148644,74.83779761060114,4140.926195810086,1890.0495056881623,34.34144704522237,3.099709865562686,43892.80373377773,None
2023-09-09,5.781961370398186,75.22334846947167,4142.8100812912435,1886.9128091779783,34.331839554775954,3.0843778957018673,43896.66828709794,None
2023-09-10,21.792471657264176,76.21802949449669,4144.603598788421,1881.6729815407678,34.39805076459928,3.1025377054787344,43911.336905811775,None
2023-09-11,18.684680541624715,76.67418356823829,4155.38761519619,1883.4412285805768,34.432691502376734,3.1169530318309793,43864.82671957808,None
2023-09-12,13.563590261954694,75.86013725928775,4151.542587803619,1880.635664553878,34.436134599370384,3.104574018139658,43995.410553357004,None
2023-09-13,5.6149619601075145,75.56883206101975,4153.741618000553,1880.1401929409185,34.478053680897425,3.111962977810459,44081.23025611968,None
2023-09-14,8.986754107078252,76.15778034626044,4150.286474453792,1877.7774304420366,34.69387262598463,3.1073783029984714,44121.3361721393,None
2023-09-15,8.027381798228259,75.76367375266945,4147.045590091192,1874.1721102629685,34.61952938619976,3.1104158937595985,44134.938015203494,None
2023-09-16,10.119043861239017,75.94914398021344,4145.000461154443,1875.2728382867324,34.56274314160019,3.113722529915025,44134.32756670843,None
2023-09-17,15.390076419762082,76.30348919602253,4148.216376034364,1876.8262895528098,34.69032606206749,3.111708170020917,44096.731643707324,None
2023-09-18,12.233813152314733,75.81018983198572,4144.376401741445,1875.7240981101177,34.61512831768094,3.1041688546475306,44110.60566963327,None
2023-09-19,2.1798972059732815,75.75343211838177,4157.838888530777,1870.6070383479623,34.793290683451225,3.097533394480099,44133.4932966404,None
2023-09-20,14.204998658117555,74.10837233005951,4149.759207282897,1869.592418860019,34.74004104549722,3.0886157365081637,44081.40526786632,None
2023-09-21,8.667160450044625,73.57407684358826,4148.722015828345,1870.4655185418035,34.71911299894035,3.0805185310839,44108.114088728566,None
2023-09-22,10.336844587068658,73.42779435367119,4145.12468145891,1867.6077033331528,34.80108147733961,3.0800467323256115,44110.351136287325,None
2023-09-23,14.053266769286388,72.78580744920069,4160.3658900047685,1868.083946605271,34.62541705518618,3.0730700855693844,44024.960758393456,None
2023-09-24,0.0,73.42995685387719,4165.4122814792245,1867.3930456704782,34.72691197225126,2.9966111686994044,43991.941507854484,None
2023-09-25,4.820872106467685,72.71488616489687,4176.2307268739105,1868.7516286696803,34.742953984772925,3.0114836302527634,43981.2612311834,None
2023-09-26,2.3427272432039246,72.49486392154837,4161.875123143541,1869.1907894065087,34.899471473758304,3.005683097839063,44085.64561405041,None
2023-09-27,0.0,72.56023421019142,4165.045625802234,1867.4446515247455,35.08132016269682,3.008077142844417,44123.4732702771,None
2023-09-28,6.7335498880246,73.28087085472447,4174.441933758468,1870.0377945280745,35.15413887021494,3.013073993947446,44066.6991918221,None
2023-09-29,17.55778275792212,72.56293977913475,4175.764773651223,1869.9207353820207,35.01779070195927,3.017794016656639,44101.00100629299,None
2023-09-30,0.0,73.14452165521223,4186.919577401876,1870.0661263030006,35.02707114853614,3.0185535693357997,44033.63580684607,None
2023-10-01,4.8385969447526485,73.14963818572203,4182.246692900872,1868.3995903848543,34.81989422658473,3.0259803935193967,44097.770359540424,None
2023-10-02,8.202714675373867,72.65888386019806,4196.840167302728,1867.7130258824714,34.96874591898491,3.0308028830462037,44084.214126949526,None
2023-10-03,5.6153910082809055,72.88993559732968,4220.329148538921,1866.1434204544175,34.96723603299398,3.0184262588229305,44089.53231751257,None
2023-10-04,4.434359737421298,72.98946544511642,4217.2007629345235,1865.9975283345707,35.00690638457921,3.0271178194668233,44165.822149889675,None
2023-10-05,0.0,72.68935700653702,4213.245737720516,1869.6209452948553,35.075116955393206,3.035990727839491,44111.463971460464,None
2023-10-06,6.163933714700818,72.72425804903203,4228.279582491693,1867.0771430089926,35.06761377794835,3.028357866797705,44051.60806220482,None
2023-10-07,1.2161801149203684,72.53160125060116,4244.575303949,1864.0500202132391,34.93972353354958,3.028737245152181,44032.42809588752,None
2023-10-08,0.0,72.58835992322678,4239.846703677467,1867.1923608682264,35.23520230646951,3.0355705350802915,44094.347038438485,None
2023-10-09,10.972961102568654,72.9194252604873,4236.1448355065095,1866.9737135139226,35.07580977757512,3.033477396884498,44028.37973466464,None
2023-10-10,9.791929099210211,73.71243366855998,4233.826989417904,1865.8355680366028,35.22958458949705,3.044207177362158,43896.77195475911,None
2023-10-11,5.2583048842553985,73.09352591914656,4220.882484307561,1868.115377411395,35.43553505863464,3.0678459023083517,43884.21401183866,None
2023-10-12,6.145373441028513,74.16004260647469,4212.195964842719,1867.1041463319211,35.15853438640355,3.0599860419820017,43921.801051834205,None
2023-10-13,10.371590063577807,73.18399870671344,4202.6545571751985,1870.956165759015,35.01965747621486,3.046175595950464,43991.81413932115,None
2023-10-14,6.121698283890413,73.10810615919564,4195.476581524157,1872.5120175016937,35.26615475222289,3.049213781906513,43978.65607121688,None
2023-10-15,9.520087773806573,73.40226476243794,4195.62973265029,1871.736194685402,35.42676395730133,3.056429406957774,43968.08474086108,None
2023-10-16,3.5125889956307494,73.54276069630545,4198.471879975655,1876.2508111119332,35.53424782525573,3.0541207432193267,44035.779777573865,None
2023-10-17,11.559918692869733,73.23141093639515,4214.4768849037955,1875.2393812659266,35.237023955080076,3.068653349852537,43952.29269258909,None
2023-10-18,6.60392862966342,73.12734981121652,4204.993344496407,1876.923572009945,35.431023997164125,3.0552672918553045,43942.866653829944,None
2023-10-19,5.97025971802937,72.88084934388709,4215.336568481173,1877.7221571707582,35.355996193061955,3.0621964780856206,43962.387848326194,None
2023-10-20,0.0,72.58616696541499,4213.696680038918,1880.5256397495557,35.41289235574812,3.0561378698780315,43994.84878439045,None
2023-10-21,6.4347792715085435,73.0109680139255,4213.702042942394,1883.8486621430095,35.70865716474687,3.073331648940105,43979.358449730906,None
2023-10-22,0.8402254125277437,73.18947575690802,4220.95023786406,1884.112670441141,35.31442613920425,3.0932568024717857,43991.080500316195,None
2023-10-23,1.8085863673575293,72.84302095927771,4210.223017648437,1882.8058347004485,35.51035132466021,3.0855902365939523,43876.66413264555,None
2023-10-24,0.9231218584193943,73.29282089699433,4214.547115110277,1883.9257789863268,35.55174397834326,3.0800946652348666,43853.751712028854,None
2023-10-25,0.0,73.44647065743263,4216.7116371924085,1882.7703482468226,35.633283120292944,3.0886905441046646,43886.42714765658,None
2023-10-26,15.623857015084807,73.85290171685212,4222.1361498324895,1886.997122741876,35.5539547032193,3.0848192376067693,43847.31244594385,None
2023-10-27,11.656695309942016,74.16771613781391,4225.527836271568,1887.4701934040413,35.594125112014034,3.084365125427447,43860.26165702332,None
2023-10-28,14.601837510721307,73.75321863235288,4250.580837670676,1886.939550301417,35.543020490978584,3.0846190096328714,43892.60528206346,None
2023-10-29,0.0,73.4731281122544,4244.703437828163,1887.508910913147,35.62765495836249,3.0654222780708946,43885.47782202057,None
2023-10-30,5.356268749554462,73.84677491481602,4239.8934682781455,1885.0146583340875,35.584661750799555,3.0652839006099524,43904.0010105704,None
2023-10-31,0.0,74.15196004753275,4234.162063013898,1883.2714302570662,35.699049018320494,3.0583866228693104,43865.86438230617,None
2023-11-01,1.52152561401468,74.14150925055068,4229.107291822295,1885.872258072955,35.61750429653377,3.053455394645313,43865.53381832137,None
2023-11-02,0.4093650829171258,74.20017294220507,4223.23342054923,1884.7584695150124,35.70940221178097,3.067891714680001,43906.04462680083,None
2023-11-03,11.197920032207808,74.83900539009929,4235.623585860306,1882.8646475496485,35.68563694997478,3.055326645737208,43923.89327484925,None
2023-11-04,3.018851609491201,74.54321969568137,4250.328628340204,1884.137953054703,35.817674595775514,3.063458697604688,43904.56671137105,None
2023-11-05,10.341896668470081,74.81676838626639,4245.121165402709,1886.709361364029,35.716063074984966,3.06066906830137,43925.77753158559,None
2023-11-06,8.02060444794259,74.71567206004944,4237.297609671667,1888.3472679853592,35.55965006916365,3.0578714666164117,43971.50802111742,None
2023-11-07,16.518193760523943,74.60683145843583,4242.511765235531,1890.5393633569706,35.878505983738556,3.065775185576929,43879.01095718855,None
2023-11-08,0.0,75.15621988442943,4237.489534792721,1889.2257731798318,35.67670263411523,3.0691756985226175,43946.964660436344,None
2023-11-09,11.296166198933994,75.56892805892345,4244.318852970277,1886.582151846348,35.71645484860315,3.074881828494813,43940.15192350229,None
2023-11-10,10.732204352003638,75.97568287692377,4246.848083178789,1889.7848191502592,35.73640684921241,3.0845636751001417,43971.4264201643,None
2023-11-11,0.13310580986482723,76.62842228050093,4232.190642028817,1889.3394594725748,35.947136671467824,3.0812505912683084,44041.288766346566,None
2023-11-12,10.035666682365799,76.63892420131731,4248.165694042118,1889.0377934396647,35.609416444495785,3.075128223923231,43982.70508148504,None
2023-11-13,6.6807248151311445,76.9799006869648,4266.624470773073,1891.8941817233629,36.14961380320514,3.064276718657653,43957.23303136366,None
2023-11-14,3.862618700232961,76.82476730866806,4260.996583868229,1893.2066417421643,35.95385698578633,3.056022613357863,43952.80559656988,None
2023-11-15,0.880322565140002,76.98685048491228,4257.619568268869,1894.3184172863273,35.88253824782642,3.0855135576109505,43923.61792051366,None
2023-11-16,1.4044527427540703,76.92177895772845,4260.978222176118,1898.8484219761294,35.866232367764944,3.0979603534183187,44020.364749305496,None
2023-11-17,15.24906047892963,76.9702769402248,4264.822790075988,1897.7613855153693,35.9113228513352,3.084449609756238,43987.52614461416,None
2023-11-18,5.003414094787413,77.26785545294325,4271.908232802717,1899.8170657715318,35.9454577766235,3.0712250301888027,43969.748805639814,None
2023-11-19,8.910650007657296,76.85874511132653,4292.510278190381,1900.131092021326,35.96797199320539,3.0760436908059874,43989.96825721996,None
2023-11-20,71.04550309166224,77.90493874916925,4291.2408059154395,1900.8682765790525,35.96863724053946,3.081516338779767,43939.860780916155,Strait closure threats
2023-11-21,64.43935453140897,83.73579198467111,4188.74990457628,1935.794523063136,34.66440519573699,3.0936665578704234,43930.07674532835,None
2023-11-22,67.72107676170843,82.52595102357141,4184.497912116723,1933.9964613021862,34.764916852304296,3.097144466481945,43955.94940839085,None
2023-11-23,50.10939438996259,82.5596187335476,4185.869427618911,1932.5461148264162,34.88676207997302,3.1013438011496546,43949.30638817173,None
2023-11-24,49.846334382968394,82.46196285800652,4193.44046622801,1932.4236933884229,34.98875980349764,3.1095574686164738,43954.63704522673,None
2023-11-25,47.6272832352455,82.32749706227156,4218.583930427105,1929.6611594080318,35.21809511143717,3.114881655722017,43938.17043960431,None
2023-11-26,43.973677535782116,82.23763665157344,4219.968314916696,1926.1625742467027,35.251537493327824,3.0967289836478447,43872.446924145275,None
2023-11-27,38.86550484031788,81.86592893903166,4228.18995932486,1922.4450342280693,34.977408139918815,3.0980868306032754,43898.526584712235,None
2023-11-28,38.432126393685124,81.08650737556944,4233.487646029922,1917.0583491607204,35.408832247769254,3.092880710037866,43996.2732382946,None
2023-11-29,36.924154960931,80.82509452402994,4250.361305723948,1919.8741877674195,35.427700095585536,3.0976259755333144,44007.19331983377,None
2023-11-30,34.42474860929761,80.2156821382898,4280.193102932447,1916.5136133860553,35.46512546236882,3.1301868808591893,44028.45652569615,None
2023-12-01,23.37195681552644,80.45818350268513,4279.060292737946,1915.0458136273162,35.481239586681966,3.1363122825370677,44073.09266345199,None
2023-12-02,24.662819344210163,80.1629167094329,4277.991969850281,1913.5834965150327,35.68041139271589,3.135394366700355,44019.626138624655,None
2023-12-03,30.05103982176557,79.54953117888934,4291.943132603181,1913.3951252499141,35.70591701006273,3.1466187510416015,44114.75187153114,None
2023-12-04,26.735023413781814,79.20729445441599,4301.9852045541475,1914.3188806567587,35.572696394410066,3.1532610679501616,44134.86831135228,None
2023-12-05,13.754813952984769,79.24949255500155,4323.41629220979,1915.418489500717,35.72552680168583,3.159104689120203,44226.46115630673,None
2023-12-06,20.890155761386886,78.81899478352315,4331.985106489197,1913.709157148197,35.61883868403381,3.1666595500031236,44199.80950653053,None
2023-12-07,7.896720436817375,78.2733936281465,4330.909549945229,1912.9024589326568,35.60586744600528,3.188569895227354,44300.71260265842,None
2023-12-08,16.805596685812905,78.27354478307441,4339.141485014422,1913.0591565795432,35.70589328078109,3.1784779353822747,44349.470377360165,None
2023-12-09,24.95863842931434,78.28591618563611,4352.380199065141,1912.2112149122129,35.87669430436744,3.1843153749803155,44387.12238165278,None
2023-12-10,9.734006240217958,77.93281124604839,4362.579521155647,1915.1277393047421,35.90503210617792,3.176047897199522,44408.82360437044,None
2023-12-11,9.400334750250824,77.60714010835382,4369.504541240001,1915.8589292835916,35.87786726226125,3.182504543511799,44406.397173466714,None
2023-12-12,16.57636999322767,77.6415921877981,4381.89488147441,1917.1208204095185,35.91366297691956,3.174133407289283,44476.42375639041,None
2023-12-13,4.304111484548033,76.84373981457273,4395.194990416018,1918.2775319344698,35.90528565708024,3.1706978411779994,44493.44174988281,None
2023-12-14,8.18648158083368,76.07322169435072,4410.518373821899,1920.4905484842718,35.80010278511307,3.1684148043659577,44405.08826470345,None
2023-12-15,13.728155591581679,75.6535689010659,4418.4119329376745,1920.7504381883864,35.91623015472268,3.1787772783859904,44359.2289416181,None
2023-12-16,7.0277212365563555,75.49216538234302,4418.060951277511,1918.08337457814,35.96019235738494,3.1885086222540844,44359.93665400847,None
2023-12-17,8.524535955727625,75.59814270681993,4420.7702350166755,1918.8353681900344,35.961132067187975,3.1765462130728412,44385.436603166745,None
2023-12-18,12.97763293534043,76.29105266449298,4434.006846943785,1917.5088136484424,36.008685161653986,3.177543235690857,44392.60717872175,None
2023-12-19,10.959355821631313,76.67937457811232,4426.945108703638,1916.4490407950345,35.96334664712816,3.170852516123182,44463.55571821143,None
2023-12-20,9.819186767227485,76.56275225131081,4431.681637719664,1917.6385035234455,35.92909900123194,3.158633997634627,44376.0006250095,None
2023-12-21,6.457832771198852,76.52007908553932,4428.745725523691,1920.1492443572122,36.00119909103428,3.1567954777485845,44393.180021834756,None
2023-12-22,9.703659854830413,75.98880541431407,4429.983308586635,1920.2417425661527,35.890623573695734,3.1540107397530894,44312.2810605654,None
2023-12-23,6.963158317588018,75.952395590278,4443.675126053306,1920.923642311151,35.803105340809175,3.178549437176944,44360.26667533961,None
2023-12-24,9.62515694685175,75.78349698873153,4446.4546559648015,1924.4052257899896,35.87198696834658,3.1831247282514146,44365.54373961751,None
2023-12-25,4.629156713972404,75.92262506313452,4447.752489532853,1924.9755761201363,35.809841382466615,3.169570865301533,44396.52423821871,None
2023-12-26,5.999815699412773,75.48889396453318,4434.955662525432,1930.2783642143713,35.8119378782333,3.1641242815280752,44363.33009018923,None
2023-12-27,1.7808578901636873,75.73036584981509,4443.191218763285,1931.5183766464409,35.85925895248673,3.174520128200756,44437.303336772115,None
2023-12-28,6.390915979900412,76.48026602401715,4450.393099809183,1928.1145047166333,35.78789640057055,3.1955692487524474,44499.38956997506,None
2023-12-29,2.361929483062083,76.4109839269162,4472.749177385325,1929.7466778444796,35.82898046411958,3.1798584358587934,44538.56678512565,None
2023-12-30,0.0,76.47014640784504,4472.296795737605,1930.0005277136422,35.68794122750406,3.092476125808609,44542.09092278248,None
2023-12-31,6.29330573927694,76.8152184037006,4474.988299014245,1932.7800332218076,35.88735477452173,3.111185777562327,44581.08378704723,None
2024-01-01,6.063698879288301,76.61460816775768,4477.982135851352,1934.3263959243475,35.85440994277735,3.1150819193360357,44555.73915864787,None
2024-01-02,8.914368674742862,76.72665440866288,4494.256668648987,1934.24948395638,35.760392021815996,3.1063989920172723,44608.5169415989,None
2024-01-03,2.844372152124505,76.73295060905379,4493.803713325117,1932.0008874838013,35.8953908957081,3.1117452828784966,44700.9909863151,None
2024-01-04,7.040264234183779,76.7817886583282,4497.093928582821,1931.7828409692293,35.91014943312772,3.0853878054883275,44764.52151431406,None
2024-01-05,7.753987861368316,76.39528376640047,4503.672893679986,1930.2818000608106,35.64213009500199,3.085421560554299,44738.04139082369,None
2024-01-06,7.223869039157973,76.40753885352994,4506.03898491155,1929.320753161201,35.712681991294716,3.0886997722827303,44766.112256687346,None
2024-01-07,0.8717315859892896,76.65653799915266,4502.074648766044,1930.6979099700425,35.697690726848926,3.0979424736781085,44711.45517949941,None
2024-01-08,5.746817411355945,77.38210980305018,4504.515548695028,1934.2377189787453,35.66585485003369,3.087803514155183,44750.074695058196,None
2024-01-09,6.820701480273307,77.86174521609279,4515.751866193626,1935.227062038391,35.82763036629759,3.0886603857692165,44782.60486570132,None
2024-01-10,5.035892334539709,78.93833644484857,4505.986713199514,1933.0352959143208,35.709743545016686,3.0794061395086207,44699.11404872471,None
2024-01-11,0.0,78.55466266340454,4507.816409940983,1934.124501250761,35.68673174649954,3.081959977065364,44651.0248565291,None
2024-01-12,5.8024481198674005,78.99082298176488,4501.315201791592,1936.7177642240524,35.496476305556854,3.0730065138417335,44646.86791169191,None
2024-01-13,16.06265519698621,79.08249398463406,4513.76566808084,1935.6981984154136,35.74371454079184,3.0689255054501317,44641.82492433487,None
2024-01-14,3.1998036562150864,80.17739545124289,4499.033799033003,1935.6301640820677,35.53919681875545,3.058967351502229,44591.35107756392,None
2024-01-15,1.3596145107233943,79.77324630856532,4493.944580560286,1935.859540471526,35.65171459755521,3.0654787139204656,44620.800014031534,None
2024-01-16,6.866742798556991,79.35338538747493,4498.216699310932,1934.4897438453618,35.65571567759925,3.0740632250870323,44643.37369447856,None
2024-01-17,6.561891052332859,79.05368906475292,4514.371939603276,1935.9863047130493,35.74596786398394,3.0717170193874583,44643.66023787964,None
2024-01-18,10.963675827082072,77.99174120259802,4514.214436992545,1935.9444084158338,35.4606209309288,3.0720993993370587,44615.87066287172,None
2024-01-19,0.0,77.72886369175764,4509.1624417256135,1936.9834733036478,35.27083941318142,3.057613485190723,44678.30601919255,None
2024-01-20,8.656901262874962,77.34929736098078,4528.474012420019,1935.4084889480437,35.572159844235905,3.054616718710655,44771.07637484696,None
2024-01-21,7.9521103062573175,77.42449425421889,4514.493873415857,1934.7335723473968,35.714516944278884,3.054114672540238,44756.89830065463,None
2024-01-22,4.28926731529727,77.59537224210747,4493.005813849656,1936.3783350630524,35.63876830082403,3.0803226034505378,44736.28995479689,None
2024-01-23,6.69343658960845,78.53345766171542,4497.905958350189,1935.8326687588687,35.51597472711104,3.069202933192796,44770.85033806749,None
2024-01-24,10.147287407991787,79.00866958080843,4493.385416106663,1939.4865964613357,35.42571808979579,3.0838447055803204,44762.948869080145,None
2024-01-25,9.361576900142252,78.72021775297723,4483.673087935356,1938.8873240901064,35.53521535447199,3.0938132933149785,44765.97900904698,None
2024-01-26,0.0,78.27101041730306,4491.2566524083495,1939.5366935416102,35.336529119147116,3.09661965735988,44812.961666633215,None
2024-01-27,9.100790933777422,78.51697000305631,4494.194659546061,1941.6018752053565,35.460670339925535,3.114205862201831,44727.49386225785,None
2024-01-28,4.676556974837408,77.85685339954598,4489.053873238694,1938.9651437394903,35.44251362577674,3.1179269169278996,44803.40897850048,None
2024-01-29,5.364370490077577,78.77258278247317,4476.750829251985,1935.6435261155289,35.47671202979496,3.121818508884579,44817.04300471695,None
2024-01-30,5.365984955008472,79.36230284283381,4485.975402534787,1932.7922134863886,35.62518512372438,3.1212873023544034,44806.46834748884,None
2024-01-31,4.2487850560087,79.12771501678145,4492.977414314373,1935.517381693243,35.36680382223318,3.13352299117859,44812.00663977777,None
2024-02-01,10.958537485535324,78.27114775223602,4492.48565567658,1934.613665401458,35.254835464789004,3.1444876835166986,44820.12810752879,None
2024-02-02,4.58141020075394,78.94808393931872,4511.452025637056,1939.9300639727946,35.28118205731791,3.1382309106417368,44743.56804235655,None
2024-02-03,0.0,78.89081401669242,4501.251177973794,1939.0015687754799,35.084689267506015,3.125038438695749,44828.31495372921,None
2024-02-04,3.0323507201513555,79.50972217267915,4486.495926264547,1939.5706713818738,35.169844351178654,3.1230086323217923,44840.38123534274,None
2024-02-05,5.893473584052378,78.71250834328197,4480.076845565734,1942.8548912870097,35.17597946555251,3.115008246677816,44872.531341865106,None
2024-02-06,11.146073921485252,78.41282083180508,4480.12098540218,1947.0670770633278,35.141976022522186,3.1143730009316624,44930.10883039381,None
2024-02-07,8.015473424744169,78.41544268166416,4483.054379895407,1951.3900842166006,35.18699454029465,3.126747382278504,44889.050707515795,None
2024-02-08,0.7473236062647803,78.43893297854653,4481.142019316843,1954.006816677787,35.066800272937954,3.122174365727636,44922.724302467555,None
2024-02-09,17.425949583394456,78.21390024280691,4485.162573281987,1956.25494172941,35.23834960097749,3.12174613191452,44919.34224792262,None
2024-02-10,96.32387655488989,78.52532520898066,4473.147179040082,1957.6399956278121,35.10340463828019,3.122326359262604,44971.68078668344,Major naval standoff
2024-02-11,92.81232131323144,86.13505175661301,4365.931773645961,2000.1144015917637,33.450829184138136,3.1393753004614204,44875.31941566587,None
2024-02-12,77.92719560913223,85.28890202948055,4377.234661631361,1995.3372302359976,33.55100175675476,3.1246560069677924,44880.36470065381,None
2024-02-13,74.34043608488186,84.64783705377013,4399.425811820738,1990.3947685113212,33.71656241012851,3.1256011319358032,44860.22366786461,None
2024-02-14,69.52614666579956,84.27057289898481,4412.870318861736,1987.4156017374257,33.88744115501568,3.1340588045767452,44891.83681539632,None
2024-02-15,65.67873293290829,84.0522758611222,4426.54941820688,1984.4047101078406,33.810024379533104,3.151800638910084,44925.339024764726,None
2024-02-16,59.67988877535351,82.9704836026358,4440.539159197713,1981.1008979463488,33.91181126715352,3.152076326560697,44899.95773002363,None
2024-02-17,54.053662341591746,81.73338952654443,4452.56679965874,1980.3434878876444,34.01826726635137,3.1380111694075135,44874.34903681482,None
2024-02-18,43.8641731145794,81.94692088042599,4465.8736331134305,1980.3275630194469,33.976154203524956,3.1484613544378517,44878.81576838696,None
2024-02-19,38.732539166873615,81.72824414702619,4485.437664505599,1978.7802080950828,34.0828648947064,3.1459560679434913,44843.98365702119,None
2024-02-20,39.772187257050795,81.0057889116255,4493.126055709449,1980.1942084215812,34.163948384291885,3.137541521023812,44896.0828417938,None
2024-02-21,39.624037894532506,81.46628968212649,4505.442221544239,1976.5354541070128,34.339228701238554,3.1344488192992825,44887.62248177143,None
2024-02-22,30.99387556821516,81.23903515320004,4509.32124229246,1974.9226759580888,34.312347498366954,3.135454484183453,44752.27307080535,None
2024-02-23,34.853721201633064,81.57072197532824,4528.09184099551,1972.3992224673646,34.33441690135989,3.131986655237108,44743.53196797425,None
2024-02-24,34.456810482175484,81.37106775420163,4525.329119902393,1967.6990819240602,34.42430755175809,3.1122651292844337,44701.60477693206,None
2024-02-25,20.500109817991586,82.19024048250404,4547.00654274358,1966.677714381682,34.345312868605326,3.123347803594691,44630.04098615901,None
2024-02-26,18.986083100537584,82.87680812434166,4549.971504927897,1965.6787054679955,34.414035894607586,3.138007581801318,44578.16965424788,None
2024-02-27,20.739641870219437,82.57940910462484,4538.757508088875,1968.0410202270932,34.37710799287472,3.1462519711694856,44593.64007783953,None
2024-02-28,21.41496328088877,82.9087328576217,4542.885478075187,1968.7203349838012,34.42326640878135,3.1364397316900408,44670.07211925194,None
2024-02-29,15.8383406612019,83.0898484114237,4538.698547815297,1966.16409923019,34.34493839412279,3.135840540560471,44695.73134294519,None
2024-03-01,23.941188885630865,83.64606416631568,4549.526483663298,1969.4317842434875,34.163295654513185,3.1370563276469188,44675.4061735344,None
2024-03-02,18.141412850360627,83.04769274117295,4545.238889293063,1971.4943031602747,34.39545947388094,3.144203368491065,44708.20138329294,None
2024-03-03,15.169519493813745,83.28583904215633,4542.850246396154,1972.3341014221326,34.55086251869771,3.1519355676684038,44695.24686778199,None
2024-03-04,6.843748315709699,83.72015245382535,4525.878321563035,1971.6066390656542,34.499121058533206,3.1455428179981766,44670.51684932383,None
2024-03-05,6.58553671390959,82.75491469671327,4523.143278579052,1969.4584205227047,34.49936369342062,3.1472214537013175,44622.798715912184,None
2024-03-06,13.792696127559923,82.08558884839077,4500.5699341926065,1968.5255240106146,34.52135697984935,3.152571223667366,44545.2072755746,None
2024-03-07,1.021643908515867,80.99566997582464,4486.28544771304,1970.5515073315923,34.40029160995135,3.1678324747256945,44535.71109024662,None
2024-03-08,16.111683194797838,80.7973539693311,4495.3437831135525,1974.2026169971055,34.40375286222543,3.1755136660166543,44553.61376474263,None
2024-03-09,9.682136414408017,81.09856604619829,4504.565170465522,1977.2013087984958,34.31390303220108,3.1839798234007173,44558.78258124189,None
2024-03-10,26.167554653050317,81.79766298912702,4510.100969830161,1976.163202039327,34.334885092167966,3.185338905511204,44547.984234844516,None
2024-03-11,21.020417406188308,81.78758501414,4501.638088876823,1973.8883403467644,34.41818550215442,3.199914750615208,44510.69693180968,None
2024-03-12,8.147182869182618,82.5592519931569,4502.300587221935,1974.1569088717429,34.46650925064498,3.2044387865124904,44551.109241393926,None
2024-03-13,8.136913345396383,81.83061827831274,4503.343306617079,1970.6271152119334,34.32118043443013,3.1962137372681223,44495.2526453966,None
2024-03-14,13.297392636121751,80.944015729441,4492.783329663066,1971.2988939943325,34.27868936779256,3.210596550261315,44544.05404108877,None
2024-03-15,16.519457346019536,80.88465280302448,4508.791148835261,1971.0457434368939,34.312002926153646,3.2178914737563877,44503.94319014244,None
2024-03-16,0.0,81.04810254865207,4518.4935164236485,1970.1707555389473,34.360044050204166,3.2137468633335238,44476.32142827479,None
2024-03-17,0.0,81.00589222582978,4517.171818916981,1967.0520346605374,34.143309159740724,3.2092105631472836,44412.982168744,None
2024-03-18,4.114943354558638,79.94876941201727,4518.291703763815,1968.162226054714,34.045706819268744,3.212410336236617,44397.91206139972,None
2024-03-19,9.927057382924225,79.88303460073331,4521.193153716204,1967.1909504177524,34.20781638371221,3.217253932104568,44456.677684323615,None
2024-03-20,9.30613998266038,79.21164010678764,4501.5632011873595,1964.9553180278656,34.12831008617554,3.219418452197813,44492.45908874582,None
2024-03-21,10.34885727491925,79.36429917819041,4502.324085407337,1958.499907586241,34.2200598213413,3.1343533109623642,44551.38019434722,None
2024-03-22,0.0,79.54759830123884,4496.004242927359,1958.6448777761398,34.24053908601384,3.1513528847081282,44587.487321643915,None
2024-03-23,0.0,79.07765840807517,4486.4880428284105,1962.3893809694791,34.19482999895312,3.162068316230477,44542.303830217395,None
2024-03-24,9.290070976510727,78.82072494940681,4484.17703989955,1965.9118993985749,34.37064179161942,3.163974672143127,44535.764369001015,None
2024-03-25,0.8590186351738271,78.29111818846233,4502.653905168046,1965.1977068854023,34.243720007308895,3.173387777950802,44506.754412545146,None
2024-03-26,0.0,78.25977863982575,4509.562333780716,1964.1932827646788,34.227161354522195,3.1630625389155265,44583.28315774709,None
2024-03-27,5.725318729796908,78.73734980007637,4504.350543882888,1965.330831276829,34.245828295039274,3.167041809414995,44533.44372542578,None
2024-03-28,8.965878441093388,78.2444867769086,4510.576371696449,1963.5340603984523,34.05665035935707,3.1851348729123257,44588.12860989523,None
2024-03-29,4.389714339393613,78.49651003466752,4525.06992606231,1964.3376441980913,34.26181029381921,3.182954413958402,44642.77630340068,None
2024-03-30,2.7107580690875537,78.2313812254813,4534.816262891437,1966.0698047548606,34.138134176105325,3.174478074672211,44744.25731348648,None
2024-03-31,4.203188839270467,77.83494480935013,4535.912566590639,1968.7236712026292,34.20102265793968,3.1679571857862805,44733.77298385501,None
2024-04-01,3.1470861879960856,77.78142962937285,4529.943198813583,1968.7233630496694,34.01551158249654,3.1570608554128565,44779.38909183401,None
2024-04-02,0.0,77.26380846816316,4537.4254319497195,1968.5160155493154,33.95650883029079,3.1492132363315797,44903.47168366095,None
2024-04-03,1.426596615047841,76.98698381548957,4541.860285803937,1966.9600503758022,34.18333149253332,3.1455081553456794,44882.589599814266,None
2024-04-04,7.606399525069072,76.38804486919514,4551.312218004214,1965.5062896677225,34.129317195992996,3.131452485153893,44815.83758743765,None
2024-04-05,6.6083927068825,77.37040743565335,4558.163936021034,1965.2533318839196,33.992085927407295,3.131608668493389,44731.83708574226,None
2024-04-06,5.840299029834101,77.38803921163921,4569.159463174227,1966.1880628975518,33.98642570813402,3.1406314402312554,44777.47268718533,None
2024-04-07,0.024257590733102852,77.03817645764292,4564.307111058622,1968.2152321500184,34.17752723575606,3.131553878429786,44693.3151767824,None
2024-04-08,4.092484189321665,77.14516641301003,4577.981051714964,1966.8088742486577,33.93812957041959,3.146746717666204,44684.699224135504,None
2024-04-09,0.0,77.08900238816462,4580.457047761889,1969.9942513865767,34.21392451013524,3.15185463855148,44716.56488348745,None
2024-04-10,5.892383319426949,76.97851758839799,4601.709656488141,1969.6520041844915,33.9526849759816,3.1621604444077205,44735.82366032895,None
2024-04-11,12.144288539067837,77.2856009384197,4595.317778307246,1969.8092695957948,34.10018311636805,3.155582098869199,44767.09590353816,None
2024-04-12,0.0,77.66435479344337,4613.177416338898,1968.5148462374991,33.99758938193807,3.1641273511398653,44788.2103963282,None
2024-04-13,2.0703616334112236,77.3991042196381,4615.656524173524,1963.8663657169532,34.08539083092641,3.153208012135912,44862.15368699387,None
2024-04-14,6.645533893550648,77.11119509931576,4609.64234413738,1965.8344565096752,33.96579794774631,3.162110487144277,44824.53786795693,None
2024-04-15,11.264213172137419,76.97366925073993,4605.303485796837,1967.5081443038603,33.999586295030525,3.1638288805422126,44800.688111034004,None
2024-04-16,2.758876918499253,75.82270866837214,4602.600012714894,1967.1454891896237,34.01613501921082,3.1693613927420605,44772.05513877046,None
2024-04-17,1.5387483536705182,75.06511313727287,4607.341672178913,1967.4794706240734,33.90852517518131,3.1576054466858117,44823.56472936359,None
2024-04-18,0.0,75.74855027099512,4613.070027059268,1968.7113490594816,34.08005222496134,3.148654748263046,44878.584658783344,None
2024-04-19,5.517190646540532,76.57103412774578,4607.833027019882,1965.7862573457087,33.95240082341081,3.1546270304455795,44911.145924749275,None
2024-04-20,15.21038020071872,76.44651610796758,4608.089481097272,1964.928151991016,33.979142288660306,3.1451435504033376,44980.32060809377,None
2024-04-21,6.386792309823379,76.73479458949546,4630.012184683391,1966.7166813502597,33.90137606436758,3.1497756133243286,44931.41856472495,None
2024-04-22,4.888605104081433,76.89041966676723,4647.787616384398,1964.408102503921,33.74391561007962,3.1361042352597264,45024.779770302506,None
2024-04-23,6.610411553834927,78.42986007099485,4652.650853081138,1965.1952183682545,33.980913776989674,3.144585977386393,45110.94170138812,None
2024-04-24,4.94453998025699,78.98964752671215,4653.53088786282,1962.6820547590075,34.24167534600329,3.132260744238708,45157.722801250406,None
2024-04-25,0.9349281386993509,78.92568873097176,4655.231201130003,1963.8149147238746,34.079800946109344,3.137783743615503,45256.81274668896,None
2024-04-26,9.116399578388528,78.44791851067154,4661.866380857307,1963.9436317592797,34.00087016484538,3.144040052951963,45183.98158630507,None
2024-04-27,6.128807615558772,77.64469535054276,4652.138455205323,1960.9133681274686,33.97849100636849,3.1370723347676672,45167.759179491935,None
2024-04-28,5.088066259668286,77.74642716847637,4650.06468983109,1963.442846836383,34.00953771518315,3.1428926004385147,45140.99400645784,None
2024-04-29,0.1231698636087506,77.36825179583423,4633.878849092313,1962.173663682787,34.06503989412315,3.1454970230718504,45187.06797264571,None
2024-04-30,11.517539659673796,76.65712494103538,4638.371080318367,1960.7531588087581,33.89580776930095,3.1401086045099227,45144.5609356656,None
2024-05-01,8.32351372666555,76.33383849891412,4645.343039715393,1961.35429720322,34.129404613813456,3.130023057669161,45192.43569313247,None
2024-05-02,2.23539581316349,75.79306449710693,4641.0111750924,1963.8515719020775,34.094114131793624,3.110396800752435,45270.96250033231,None
2024-05-03,10.009124268409685,76.6366353146432,4657.2510427253,1962.0199282641206,34.0995158526904,3.113893301225432,45315.72264533651,None
2024-05-04,2.512145808073964,77.07745519311793,4645.493386095277,1962.3432879638167,34.07718114518775,3.0982452735118113,45339.91019651959,None
2024-05-05,1.0899825374448153,77.07346887245961,4631.349637293179,1963.4009209644778,34.04144355413803,3.0991987155062244,45300.516529474546,None
2024-05-06,1.2014844125985649,77.81344094190463,4634.094155478779,1964.9871321790042,34.11342509824853,3.096564233345402,45268.17398116828,None
2024-05-07,0.0,77.85212509572844,4645.0651385049,1965.5400152895586,34.11248271739134,3.103355661099784,45340.65492643311,None
2024-05-08,7.357711902091029,77.42148299506431,4662.404415419479,1965.005959611392,34.02556101161313,3.1003352061048854,45389.62237662838,None
2024-05-09,0.0,78.18304503369914,4658.315572790789,1963.5507791700945,34.01176607406611,3.0970407282414145,45397.6714006595,None
2024-05-10,0.0,78.45250005554146,4669.6023811251025,1963.9230669361873,34.08796611666439,3.104359435284297,45386.775923371206,None
2024-05-11,0.0,77.93387697837824,4669.717296430095,1961.978788912216,34.241825221210405,3.1077100155751385,45295.48552971564,None
2024-05-12,4.5696515360455345,77.83870763933643,4668.491023430687,1956.3360879452268,33.97263885782422,3.1108715751469664,45251.94290878141,None
2024-05-13,4.248397698640639,77.40089851264406,4677.827622805554,1957.409207553542,33.959901939639195,3.1155642510450514,45357.5138631384,None
2024-05-14,3.36651893406818,76.7094986471619,4684.850851589687,1959.4170772357145,34.133708640274214,3.1002085298129805,45303.49108458828,None
2024-05-15,0.0,77.17258742092771,4669.586930019846,1954.8912123646307,34.13336700235903,3.1077764166128503,45322.965075649336,None
2024-05-16,0.0,78.12729574116278,4684.852333517104,1953.071750955211,34.15711981002354,3.1139011045529865,45383.337274309095,None
2024-05-17,7.321849317732871,77.42801195425321,4699.153247058579,1954.5100594772214,34.176144014911124,3.1037342732672215,45330.591140908975,None
2024-05-18,2.2472403414575615,77.7094965725985,4693.397620043484,1958.8250504166447,34.141840824697375,3.1012934685304794,45349.82666464803,None
2024-05-19,6.5817916076807235,77.38417528803758,4697.855655377857,1959.0666378319956,34.326002477966554,3.100900395654203,45406.72244152357,None
2024-05-20,0.5737565693788875,77.14061259615522,4703.295957240685,1957.8106319495373,34.030216740001606,3.0995554278101856,45417.34740761893,None
2024-05-21,5.905313713855412,76.8444156340358,4706.402694898924,1957.6448390673277,34.12117731890522,3.102894027475871,45570.767560402266,None
2024-05-22,11.516390186580319,76.41242024919589,4701.39964336047,1960.594591905624,34.207843041517066,3.1172076952941827,45497.337597458354,None
2024-05-23,7.930829001963916,76.4366810631683,4695.183409681089,1959.5026635473748,34.06840525468309,3.128025362570911,45560.27402395255,None
2024-05-24,2.9379309089175982,76.02120600496278,4695.427868971175,1958.1042795340743,34.230100725889635,3.1149031706365973,45561.633937082726,None
2024-05-25,6.285994851779637,76.1564344178527,4707.655159163768,1957.3387924897104,34.42919370058846,3.1211238705396576,45610.22994482456,None
2024-05-26,3.796674127348935,76.13131536312814,4713.591160709713,1955.632135273193,34.280886201485785,3.134413203735012,45642.295302409526,None
2024-05-27,5.03940092347364,76.01184133969493,4710.385017388851,1956.0774759051824,34.31800051987357,3.138281288941904,45615.63749255402,None
2024-05-28,3.371944739257482,75.55805950867413,4718.602004495335,1959.5268328221216,34.18542029213946,3.1491910931937634,45637.08731217699,None
2024-05-29,4.178323970573044,75.26967384338997,4690.616578289035,1960.3729913683537,34.2666716868053,3.169313797650771,45554.19223960707,None
2024-05-30,6.060466765370876,75.64736945630284,4702.604235292755,1960.0682843641011,34.30801503182948,3.179550893111841,45594.354614635646,None
2024-05-31,0.03320650209024656,75.89782805011502,4685.707097504975,1959.68466182627,34.331336660989486,3.182043979068258,45619.262537935174,None
2024-06-01,0.0,75.40905042771575,4682.582688090943,1956.7582802088766,34.50918340115108,3.1924948638091055,45661.19554636733,None
2024-06-02,0.0,75.45871658043036,4671.885989144682,1958.724499763171,34.45502684183453,3.1939437421400747,45724.101462621686,None
2024-06-03,0.0,75.83441014211627,4659.439174387472,1958.7688253691454,34.306668856585524,3.1941827725729244,45752.48245463217,None
2024-06-04,0.0,74.99970750155558,4671.547442261258,1958.6078655419642,34.46133041977958,3.1906686302157867,45769.886925622086,None
2024-06-05,5.797312534020646,75.27138759774554,4667.370430248138,1965.1940806776538,34.505665786977474,3.206302763804108,45735.83350878902,None
2024-06-06,0.5360624225405797,74.94007571827262,4671.335469065446,1965.9915864943853,34.589310416053124,3.1981184771446878,45710.22247060657,None
2024-06-07,7.568072321155482,75.2253750525692,4671.366263276654,1964.6880043941949,34.65307940749011,3.213442154391469,45779.55920161543,None
2024-06-08,5.173568743762809,74.84374547429795,4676.636671548885,1964.0352892017838,34.41351322230645,3.2184407956288728,45861.375971900736,None
2024-06-09,0.0,73.94130442396568,4677.904890459487,1966.5321806201773,34.454191076835194,3.2044477338808535,45859.47045008513,None
2024-06-10,8.274877921108448,73.12753320502411,4665.574968217602,1966.9587214412527,34.43001938406338,3.2081242268107677,45871.7705874478,None
2024-06-11,9.05399322795855,73.15157567835479,4676.037636412073,1964.282165484618,34.553110822910774,3.1871239617342515,45836.539868698106,None
2024-06-12,0.03068662582573367,73.28143692921553,4671.60007058046,1966.3206233537685,34.64410859870466,3.1933790419025616,45905.17771096148,None
2024-06-13,7.1009577144749585,72.82927861666333,4656.534251593863,1965.1843351826906,34.717379376818435,3.2022313567324514,45948.44855214607,None
2024-06-14,0.717508812954005,73.14857484605201,4652.753099984204,1969.1309307351257,34.63242598311043,3.196307797175931,46055.509423969255,None
2024-06-15,5.488351883741677,72.31781481491754,4668.260697890547,1971.4910268665549,34.629602167840844,3.197543274135487,46021.593270110265,None
2024-06-16,0.0,72.28477491559387,4677.262915311681,1970.7963830752374,34.698507805423404,3.21708484847299,46012.69287515936,None
2024-06-17,0.0,71.67926681571265,4674.276393967603,1973.5584157987075,34.62173053542609,3.2120273814303704,46034.26517128564,None
2024-06-18,3.0859140519351564,71.35334876181157,4671.283816924419,1973.8941268197625,34.93626764367998,3.2014383055598046,46076.589648171925,None
2024-06-19,4.3813552686258195,71.37704809746978,4668.567466412245,1975.799674170007,34.588761051726,3.2162549395844304,46075.806266294545,None
2024-06-20,3.0116015319269795,70.9468414148278,4689.834946247854,1976.969139804596,34.79034726622992,3.2358808114897384,46042.15821177186,None
2024-06-21,0.0,70.75456364271288,4694.154300770168,1975.476426494614,34.996700718837026,3.2359177682082167,46096.22858821804,None
2024-06-22,3.0005046893443144,71.2577100473201,4698.95471724208,1974.3893268299792,34.8175959043069,3.2460323985623005,46142.28535634532,None
2024-06-23,6.3464737629036705,70.96926411255853,4709.757551782398,1976.6492484651415,34.82058481564209,3.2594471577176094,46106.47165131713,None
2024-06-24,4.775534849387315,71.38711016859111,4712.645443372663,1976.1796978009284,34.826601943131784,3.2520223153922254,46184.2437913724,None
2024-06-25,5.912505152996067,70.8222567412623,4710.555021914456,1975.5724008744444,34.8671379961057,3.247169257038547,46252.753726832234,None
2024-06-26,1.6494239977288356,71.08715883021993,4709.091523423606,1973.8621557157458,35.04535351021597,3.259478002170094,46269.46855169462,None
2024-06-27,10.858589573580797,71.80794314054889,4708.875510829465,1974.9093538469326,34.70982266446272,3.276328144957179,46283.448444813424,None
2024-06-28,0.0,70.57212089048524,4709.003288464367,1979.2344036854188,35.10732896194483,3.2819569535589226,46321.15133336922,None
2024-06-29,7.437801485433593,70.17367326275,4716.779583900737,1977.2993378569104,34.83459098579667,3.273158810023902,46288.06617985641,None
2024-06-30,10.909455464799809,70.46220932634027,4717.79904275881,1977.547776770256,34.97333476707656,3.2930294211408966,46299.56775381461,None
