Date,Oil_Price,Stock_Index,Gold_Price,CO2_Emissions,Inflation,Exchange_Rate,Conflict_Intensity,Event_Flag
2023-01-01,76.93000030517578,3824.139892578125,1839.699951171875,35.04967141530112,2.99796954613957,42046.63200386078,12.061102777077146,None
2023-01-02,76.93000030517578,3824.139892578125,1839.699951171875,35.00918686884119,3.001681004873283,42052.59617485535,4.6017930437714245,None
2023-01-03,76.93000030517578,3824.139892578125,1839.699951171875,35.110783261994875,2.995641153006125,42066.52793437115,7.26185898124867,None
2023-01-04,72.83999633789062,3852.969970703125,1852.800048828125,35.22129413004512,2.996507050880854,41976.61790014455,0.0,None
2023-01-05,73.66999816894531,3808.10009765625,1834.800048828125,35.06851599977935,2.9949502785269333,42032.43428387967,7.141535486038243,None
2023-01-06,73.7699966430664,3895.080078125,1864.199951171875,35.091409140023146,3.0066280991435312,42059.75870767457,4.064278674977256,None
2023-01-07,73.7699966430664,3895.080078125,1864.199951171875,35.29557479613791,3.0091723075765433,42119.65921316756,9.928649978399314,None
2023-01-08,73.7699966430664,3895.080078125,1864.199951171875,35.23715475377305,3.0125483341972954,41984.84644425787,10.936930257823755,None
2023-01-09,74.62999725341797,3892.090087890625,1872.699951171875,35.1361366415556,3.008429564536071,42099.265179496906,17.947818210093068,None
2023-01-10,75.12000274658203,3919.25,1871.5999755859375,35.25991590744454,3.003553502295346,42102.28569808915,7.898165866067878,None
2023-01-11,77.41000366210938,3969.610107421875,1874.5999755859375,35.1817850223784,2.9992279204171495,42167.69483892602,6.628981582910832,None
2023-01-12,78.38999938964844,3983.169921875,1895.5,35.20389987020517,3.0031724418409325,42125.699542569746,5.97192150788668,None
2023-01-13,79.86000061035156,3999.090087890625,1918.4000244140625,35.29688245564609,2.99896259703273,42166.33823782288,3.234168535946558,None
2023-01-14,79.86000061035156,3999.090087890625,1918.4000244140625,35.10342714994512,3.001860345601694,42123.6674596642,6.692419217308456,None
2023-01-15,79.86000061035156,3999.090087890625,1918.4000244140625,35.14417621055017,3.0226143535881485,42102.4790116294,3.522992949304853,None
2023-01-16,79.86000061035156,3999.090087890625,1918.4000244140625,35.28218432690957,3.0313256006224654,42208.18057932274,5.842304881348071,None
2023-01-17,80.18000030517578,3990.969970703125,1907.199951171875,35.25869580249188,3.0280653653007867,42208.64645928457,11.587987678039799,None
2023-01-18,79.4800033569336,3928.860107421875,1904.4000244140625,35.4127788081,3.040077504522426,42229.51810294356,0.0,None
2023-01-19,80.33000183105469,3898.85009765625,1922.0999755859375,35.31172483118785,3.035996750792211,42283.021489478,10.699392805645227,None
2023-01-20,81.30999755859375,3972.610107421875,1926.4000244140625,35.282256821045,3.015615505440432,42317.80558387663,11.585575336699327,None
2023-01-21,81.30999755859375,3972.610107421875,1926.4000244140625,35.59078770693732,3.0055346423312583,42335.32652913381,4.409657365044606,None
2023-01-22,81.30999755859375,3972.610107421875,1926.4000244140625,35.44214554199512,2.9868267231209997,42363.57457925712,0.0,None
2023-01-23,81.62000274658203,4019.81005859375,1927.0999755859375,35.491730178979545,2.9833115882805865,42493.74535851903,1.9608900645278378,None
2023-01-24,80.12999725341797,4016.949951171875,1933.9000244140625,35.362499842545375,2.983495772072482,42500.864418667355,11.484972732805545,None
2023-01-25,80.1500015258789,4016.219970703125,1941.199951171875,35.47026621534649,3.000260145195235,42520.9193710031,4.885659688505589,None
2023-01-26,81.01000213623047,4060.429931640625,1929.0999755859375,35.5552486468432,3.0035294189328767,42583.45209080348,0.003488838525446347,None
2023-01-27,79.68000030517578,4070.56005859375,1928.5999755859375,35.44822070032139,3.001338413644788,42648.72838745138,2.4761253938589127,None
2023-01-28,79.68000030517578,4070.56005859375,1928.5999755859375,35.61975514955534,3.0096324694566228,42718.0799027294,9.203100132522765,None
2023-01-29,79.68000030517578,4070.56005859375,1928.5999755859375,35.5406783952461,2.987521116366544,42760.01641383086,7.733667841006897,None
2023-01-30,77.9000015258789,4017.77001953125,1922.9000244140625,35.589811603369974,2.9898772619476297,42712.866168194334,3.8053395041515286,None
2023-01-31,78.87000274658203,4076.60009765625,1929.5,35.576721168111945,2.9975859138864993,42804.53774480939,3.1658779409265625,None
2023-02-01,76.41000366210938,4119.2099609375,1927.800048828125,35.83969314858902,2.982800051428701,42757.22047515846,3.0412092547808904,None
2023-02-02,75.87999725341797,4179.759765625,1916.300048828125,35.67034244991696,2.99423759186077,42782.35224842041,0.3879490775074874,None
2023-02-03,73.38999938964844,4136.47998046875,1862.9000244140625,35.58279213844769,2.997622555935714,42754.63845591944,13.076878447347209,None
2023-02-04,73.38999938964844,4136.47998046875,1862.9000244140625,35.78732406190862,2.9934696767967064,42761.43153858979,3.3883976539433007,None
2023-02-05,73.38999938964844,4136.47998046875,1862.9000244140625,35.59911808234671,2.999797495457769,42787.86965910497,11.085792604127482,None
2023-02-06,74.11000061035156,4111.080078125,1866.199951171875,35.75783967548481,3.022504424035813,42813.93751987748,12.606580259612256,None
2023-02-07,77.13999938964844,4164.0,1871.699951171875,35.556346821279185,3.024323086586398,42845.033557589246,9.991554490739802,None
2023-02-08,78.47000122070312,4117.85986328125,1877.4000244140625,35.63445725931165,3.0268052924494016,42935.71912104217,2.841898436409758,None
2023-02-09,78.05999755859375,4081.5,1866.199951171875,35.801517606054944,3.022211683453999,42968.395836117874,7.0186504516830475,None
2023-02-10,79.72000122070312,4090.4599609375,1862.800048828125,35.8698196366163,3.013713239759351,42966.18800435334,4.879021968045419,None
2023-02-11,79.72000122070312,4090.4599609375,1862.800048828125,35.82682969026974,3.0220165979247935,43024.39236276776,0.4814906963493595,None
2023-02-12,79.72000122070312,4090.4599609375,1862.800048828125,35.81141903765483,3.013455759665705,43093.86588721399,6.621796408608015,None
2023-02-13,80.13999938964844,4137.2900390625,1851.9000244140625,35.80572858028022,3.014171422037899,43042.48549645714,0.0,None
2023-02-14,79.05999755859375,4136.1298828125,1854.0,35.70039910584298,3.0093948475702477,43082.355499949634,10.938396942307818,None
2023-02-15,78.58999633789062,4147.60009765625,1834.199951171875,35.78822993557403,3.0141846458277115,43127.41413706518,2.6769135135080346,None
2023-02-16,78.48999786376953,4090.409912109375,1842.0,35.82565789073059,3.017521266880581,43122.53596189718,6.005798279364196,None
2023-02-17,76.33999633789062,4079.090087890625,1840.4000244140625,35.98847966647132,3.02789666632316,43201.32130256276,6.416439357730711,None
2023-02-18,76.33999633789062,4079.090087890625,1840.4000244140625,35.92770736274241,3.0227965023346126,43203.818523211135,3.7054751314796133,None
2023-02-19,76.33999633789062,4079.090087890625,1840.4000244140625,35.72714641907411,3.020097752981679,43220.097345884715,7.933469007376374,None
2023-02-20,76.33999633789062,4079.090087890625,1840.4000244140625,35.94548519087859,3.010310115823856,43221.443754670516,2.6254817168873776,None
2023-02-21,76.16000366210938,3997.340087890625,1833.0,35.88371128482018,3.0058671832230948,43232.222707049594,9.35648648728622,None
2023-02-22,73.94999694824219,3991.050048828125,1832.0,35.8631815486136,3.009640188153543,43187.408952704835,0.0,None
2023-02-23,75.38999938964844,4012.320068359375,1818.0,36.00020254617686,3.0172100743199968,43125.406408575116,5.631897897732059,None
2023-02-24,76.31999969482422,3970.0400390625,1808.800048828125,36.0497986482324,3.0079884210782204,43215.13166173636,14.694644995291423,None
2023-02-25,76.31999969482422,3970.0400390625,1808.800048828125,36.04698903725977,3.016684480279277,43182.78359432045,0.0,None
2023-02-26,76.31999969482422,3970.0400390625,1808.800048828125,35.87659635930911,3.0302408588673266,43143.21397684763,1.6112751473757427,None
2023-02-27,75.68000030517578,3982.239990234375,1817.0,35.9357451911081,3.0343752078995636,43045.54447116745,7.569539248294575,None
2023-02-28,77.05000305175781,3970.14990234375,1828.9000244140625,36.00542906302075,3.0531431660251442,43023.59638378298,5.89790890969799,None
2023-03-01,77.69000244140625,3951.389892578125,1837.699951171875,36.074978512462735,3.0454052740341084,42967.4418941126,6.753150496367796,None
2023-03-02,78.16000366210938,3981.35009765625,1833.5,35.934110131868906,3.0329587270009943,43059.54265211942,7.445935650738317,None
2023-03-03,79.68000030517578,4045.639892578125,1847.699951171875,35.96754505150178,3.0151715245119517,43120.03350658655,8.17360734280885,None
2023-03-04,79.68000030517578,4045.639892578125,1847.699951171875,35.87903851999376,3.0301319676268434,43095.625989327666,10.548499209781117,None
2023-03-05,79.68000030517578,4045.639892578125,1847.699951171875,35.87308821168999,3.036675624190384,43218.24777959488,7.049093284642563,None
2023-03-06,80.45999908447266,4048.419921875,1847.9000244140625,36.0764724929501,3.0361197774812796,43277.336053944455,3.7937117269072878,None
2023-03-07,77.58000183105469,3986.3701171875,1813.9000244140625,36.132827800038264,3.0389194637444774,43271.094484769026,8.362868506013656,None
2023-03-08,76.66000366210938,3992.010009765625,1812.699951171875,35.991458470522424,3.027664573271494,43156.12419902535,14.499409674476079,None
2023-03-09,75.72000122070312,3918.320068359375,1829.300048828125,36.0999394859472,3.0521220930676622,43280.67132765488,4.336831268087132,None
2023-03-10,76.68000030517578,3861.590087890625,1862.0,36.03614704925507,3.0534143048874145,43221.1927043167,0.12735347664679253,None
2023-03-11,76.68000030517578,3861.590087890625,1862.0,35.93533904858034,3.0545082528334633,43148.92276696886,10.535403346434864,None
2023-03-12,76.68000030517578,3861.590087890625,1862.0,36.03532855872241,3.0617659190724504,43210.05128856934,4.398094180232009,None
2023-03-13,74.80000305175781,3855.760009765625,1911.699951171875,36.15180137645229,3.0665760113898175,43342.03890888631,0.0,None
2023-03-14,71.33000183105469,3919.2900390625,1906.199951171875,35.99269521603104,3.0688148516326086,43421.252549811834,9.237108385752109,None
2023-03-15,67.61000061035156,3891.929931640625,1926.5999755859375,36.15049457516207,3.0609101070781555,43459.44800581445,2.3233590702303863,None
2023-03-16,68.3499984741211,3960.280029296875,1919.0,35.72928156883157,3.0656247906495153,43499.18572289772,4.547333588479196,None
2023-03-17,66.73999786376953,3916.639892578125,1969.800048828125,36.07014714876627,3.084445035614266,43551.85650083673,6.659901652845073,None
2023-03-18,66.73999786376953,3916.639892578125,1969.800048828125,35.992839121186066,3.0978992360758157,43599.80293032607,5.952498398895332,None
2023-03-19,66.73999786376953,3916.639892578125,1969.800048828125,35.94988991699568,3.1138311023422096,43623.862501524534,8.547259085695197,None
2023-03-20,67.63999938964844,3951.570068359375,1979.199951171875,35.984103989835376,3.108718945577898,43639.07255672213,2.822568147150783,None
2023-03-21,69.33000183105469,4002.8701171875,1938.0,35.77079187902694,3.098822897375312,43645.94290032715,7.565528990880414,None
2023-03-22,70.9000015258789,3936.969970703125,1946.800048828125,35.94168888740904,3.0975650281743157,43618.24467088382,3.7022666120804137,None
2023-03-23,69.95999908447266,3948.719970703125,1993.800048828125,35.992964207704794,3.0981222772972026,43614.21091704048,8.694052404437516,None
2023-03-24,69.26000213623047,3970.989990234375,1982.0999755859375,36.098132189664504,3.109064192481912,43539.56307633071,8.076837420065267,None
2023-03-25,69.26000213623047,3970.989990234375,1982.0999755859375,35.891102218466315,3.0921395461847636,43544.646094990974,0.3228064897770233,None
2023-03-26,69.26000213623047,3970.989990234375,1982.0999755859375,35.85416688239609,3.1074350493793697,43505.21653963343,10.42991058087516,None
2023-03-27,72.80999755859375,3977.530029296875,1952.4000244140625,35.876432279380055,3.10585497039358,43460.03707377264,2.32018277442976,None
2023-03-28,73.19999694824219,3971.27001953125,1972.4000244140625,36.00924912892716,3.1015861596941057,43479.03178133031,9.040288991405726,None
2023-03-29,72.97000122070312,4027.81005859375,1966.0999755859375,35.94119886758272,3.091465115941504,43558.631895647544,6.836436567006703,None
2023-03-30,74.37000274658203,4050.830078125,1980.300048828125,35.84548145289248,3.0749165492228463,43614.54772594766,14.190918383975612,None
2023-03-31,75.66999816894531,4109.31005859375,1969.0,35.939442036418946,3.0831482550624654,43546.0226957665,3.882670088140739,None
2023-04-01,75.66999816894531,4109.31005859375,1969.0,35.887010449134245,3.0838814347343497,43506.54128893798,3.2534160194090127,None
2023-04-02,75.66999816894531,4109.31005859375,1969.0,35.96288990283773,3.070981825736939,43563.579848337395,4.902901970561337,None
2023-04-03,80.41999816894531,4124.509765625,1983.9000244140625,35.784084085853394,3.0580310380163027,43524.45547866048,3.4841010858286228,None
2023-04-04,80.70999908447266,4100.60009765625,2022.199951171875,35.809334670263034,3.0546731910234017,43523.22382116063,8.99970950971025,None
2023-04-05,80.61000061035156,4090.3798828125,2020.9000244140625,35.790255513551635,3.0713634062762956,43560.726426111854,0.0,None
2023-04-06,80.69999694824219,4105.02001953125,2011.9000244140625,35.670040924551856,3.0687674927626594,43522.30920336868,0.0,None
2023-04-07,80.69999694824219,4105.02001953125,2011.9000244140625,35.83249810914534,3.0537360632314785,43537.577978675974,0.0,None
2023-04-08,80.69999694824219,4105.02001953125,2011.9000244140625,35.81505999636932,3.051278632590619,43480.87670393006,9.751537959867878,None
2023-04-09,80.69999694824219,4105.02001953125,2011.9000244140625,35.7751163074919,3.048551396893142,43460.808321732504,13.553066862909626,None
2023-04-10,79.73999786376953,4109.10986328125,1989.0999755859375,35.73638644680707,3.0215825304637267,43486.79741843963,64.47775390731265,Airstrikes
2023-04-11,81.52999877929688,4108.93994140625,2004.800048828125,34.51734090625622,3.026749336716391,43417.14773176304,58.44613646620751,None
2023-04-12,83.26000213623047,4091.949951171875,2010.9000244140625,34.704584722923855,3.0296063913117828,43449.171468661065,54.47410600024482,None
2023-04-13,82.16000366210938,4146.22021484375,2041.300048828125,34.789929914159856,3.0412432069036925,43458.18957871473,55.25848475394403,None
2023-04-14,82.5199966430664,4137.64013671875,2002.199951171875,34.81225075983261,3.0639626583319113,43495.814076435585,40.58243709118549,None
2023-04-15,82.5199966430664,4137.64013671875,2002.199951171875,34.936207374949156,3.0790556718067688,43517.00978313882,42.58368449643193,None
2023-04-16,82.5199966430664,4137.64013671875,2002.199951171875,35.04495378060942,3.079829926318337,43595.216804637515,42.80468631455374,None
2023-04-17,80.83000183105469,4151.31982421875,1994.199951171875,35.23843756009993,3.0718982471690772,43611.47802976991,37.3005890771838,None
2023-04-18,80.86000061035156,4154.8701171875,2007.4000244140625,35.10624100814594,3.100467225582027,43600.007752713645,32.907645930027016,None
2023-04-19,79.16000366210938,4154.52001953125,1995.199951171875,35.14777345178363,3.1036249681847696,43616.12262786526,34.39941004727165,None
2023-04-20,77.29000091552734,4129.7900390625,2007.5999755859375,35.14260304985836,3.1060856742180483,43653.28752931708,13.556605005290352,None
2023-04-21,77.87000274658203,4133.52001953125,1979.5,34.981468206795896,3.10794492479535,43665.73053283337,28.361641619539313,None
2023-04-22,77.87000274658203,4133.52001953125,1979.5,35.18969044792097,3.1118263847101812,43677.76011739356,19.80127429909501,None
2023-04-23,77.87000274658203,4133.52001953125,1979.5,35.213450695481086,3.112102525723633,43652.66053300322,12.198743097758472,None
2023-04-24,78.76000213623047,4137.0400390625,1989.0999755859375,35.46528152004869,3.1079219954003747,43629.515487125675,22.351830834121294,None
2023-04-25,77.06999969482422,4071.6298828125,1994.0,35.20801649692735,3.1038614142155616,43569.38522353569,25.256102334720577,None
2023-04-26,74.30000305175781,4055.989990234375,1985.699951171875,35.26276062099877,3.1048079000426285,43666.864060695036,16.426548506540865,None
2023-04-27,74.76000213623047,4135.35009765625,1989.9000244140625,35.23181168897445,3.100526431967806,43614.67089892547,20.725384179178775,None
2023-04-28,76.77999877929688,4169.47998046875,1990.0999755859375,35.1186572694897,3.094441052290903,43590.02563903567,22.97932458323842,None
2023-04-29,76.77999877929688,4169.47998046875,1990.0999755859375,35.34783450137425,3.096449170707759,43564.10527575722,20.54868942127834,None
2023-04-30,76.77999877929688,4169.47998046875,1990.0999755859375,35.30475757324482,3.094753398692712,43618.85149460444,21.31993964105373,None
2023-05-01,75.66000366210938,4167.8701171875,1983.4000244140625,35.302846519845794,3.1105660598775566,43614.104010689836,16.058023150538375,None
2023-05-02,71.66000366210938,4119.580078125,2014.300048828125,35.125316584318995,3.0847555579870654,43686.49111432352,12.025357696247996,None
2023-05-03,68.5999984741211,4090.75,2028.5999755859375,35.34753104414155,3.0963032853846615,43662.81658311133,3.0057015638823827,None
2023-05-04,68.55999755859375,4061.219970703125,2048.0,35.05668517713323,3.109336590735642,43686.76629122252,9.212764756715007,None
2023-05-05,71.33999633789062,4136.25,2017.4000244140625,35.243923199568464,3.089120665691491,43654.99893855953,5.708866940852969,None
2023-05-06,71.33999633789062,4136.25,2017.4000244140625,35.39151412671872,3.086162474975261,43772.2563949482,20.311128280349102,None
2023-05-07,71.33999633789062,4136.25,2017.4000244140625,35.05961541648679,3.0828721502437784,43722.87647399672,8.152901702223303,None
2023-05-08,73.16000366210938,4138.1201171875,2026.300048828125,35.08730586125328,3.0691807603034724,43748.367509508076,9.264627791435508,None
2023-05-09,73.70999908447266,4119.169921875,2036.199951171875,35.13832213475671,3.061749803981692,43790.05635355468,11.058820083586772,None
2023-05-10,72.55999755859375,4137.64013671875,2030.5,35.06166700563822,3.0509582146283463,43820.74630842726,8.205236333934106,None
2023-05-11,70.87000274658203,4130.6201171875,2014.699951171875,34.939916880197295,3.068765191021041,43821.48192548337,16.178207345767234,None
2023-05-12,70.04000091552734,4124.080078125,2014.5,35.084188186951614,3.078379194857427,43824.9908904967,4.332485430029713,None
2023-05-13,70.04000091552734,4124.080078125,2014.5,34.95289375953427,3.0913274880019963,43837.18146409566,8.186027320260614,None
2023-05-14,70.04000091552734,4124.080078125,2014.5,35.08777788782785,3.0987548024888834,43839.83136401423,3.2900432691293235,None
2023-05-15,71.11000061035156,4136.27978515625,2018.0,34.929327300416254,3.0876548379689917,43898.02531985398,0.21173044923558137,None
2023-05-16,70.86000061035156,4109.89990234375,1988.4000244140625,35.15672111253471,3.0825820549646954,44018.55146993355,3.5805778923111267,None
2023-05-17,72.83000183105469,4158.77001953125,1980.699951171875,34.903513850415045,3.087631812335592,44000.67688068315,6.2982276029783035,None
2023-05-18,71.86000061035156,4198.0498046875,1956.5,34.92944151073896,3.0755516995235226,43942.1867317042,4.195735188783637,None
2023-05-19,71.55000305175781,4191.97998046875,1978.699951171875,35.022545289032294,3.0828094154498684,43947.772629286635,2.7524097873789835,None
2023-05-20,71.55000305175781,4191.97998046875,1978.699951171875,34.819406984410186,3.021620676155035,44086.75809616935,0.0,None
2023-05-21,71.55000305175781,4191.97998046875,1978.699951171875,34.94227942474369,3.0178724680795392,44056.57436777087,4.584472136856526,None
2023-05-22,71.98999786376953,4192.6298828125,1974.800048828125,35.02733034363987,3.024982067761574,44148.53020804307,0.0,None
2023-05-23,72.91000366210938,4145.580078125,1972.4000244140625,34.713005142298826,3.029424700876435,44242.41524874689,8.800279818448013,None
2023-05-24,74.33999633789062,4115.240234375,1962.800048828125,34.86942111967706,3.025815039218244,44224.73583666149,5.4121987646725165,None
2023-05-25,71.83000183105469,4151.27978515625,1943.0999755859375,34.854229226333565,3.037408337251886,44263.18499062076,0.0,None
2023-05-26,72.66999816894531,4205.4501953125,1944.0999755859375,34.88379742486209,3.026597703975887,44354.60482177718,3.4539546147506828,None
2023-05-27,72.66999816894531,4205.4501953125,1944.0999755859375,34.659397219548374,3.0327570600453297,44345.64843472781,1.2392179720470842,None
2023-05-28,72.66999816894531,4205.4501953125,1944.0999755859375,34.628638674404016,3.0386880726250136,44345.46941672269,6.595872552095902,None
2023-05-29,72.66999816894531,4205.4501953125,1944.0999755859375,34.790597298566766,3.035592608231874,44326.38537102526,11.702252230115722,None
2023-05-30,69.45999908447266,4205.52001953125,1958.0,34.745958978786206,3.038853938454295,44285.647534490614,0.0,None
2023-05-31,68.08999633789062,4179.830078125,1963.9000244140625,34.71931745767484,3.026342802690442,44263.183657237314,5.5751303957370855,None
2023-06-01,70.0999984741211,4221.02001953125,1978.0,34.70708259543439,3.035583072882511,44211.9866438992,4.199336022166798,None
2023-06-02,71.73999786376953,4282.3701171875,1952.4000244140625,34.58277840800888,3.0337340515180813,44223.69081731216,8.356700382252328,None
2023-06-03,71.73999786376953,4282.3701171875,1952.4000244140625,34.65253433067103,3.0285068213128907,44195.19215575923,6.065983141188446,None
2023-06-04,71.73999786376953,4282.3701171875,1952.4000244140625,34.63734063746979,3.0389969135712596,44216.88145134877,1.2401533413059047,None
2023-06-05,72.1500015258789,4273.7900390625,1958.0,34.51553029520745,3.0319534766658323,44149.08666903859,3.404730321666909,None
2023-06-06,71.73999786376953,4283.85009765625,1965.5,34.75269371199692,3.0178688637021964,44175.63068064931,1.019870715982555,None
2023-06-07,72.52999877929688,4267.52001953125,1942.699951171875,34.59288019728292,3.0023025719669576,44227.30712872976,10.38003569299299,None
2023-06-08,71.29000091552734,4293.93017578125,1963.5999755859375,34.40598794192074,3.008362671480414,44137.62034660118,5.106558243359711,None
2023-06-09,70.16999816894531,4298.85986328125,1962.199951171875,34.5706465752798,2.995558377955451,44166.32317509356,14.505953428765038,None
2023-06-10,70.16999816894531,4298.85986328125,1962.199951171875,34.38765816744718,3.0131063197752948,44237.706624717226,4.6966959309268965,None
2023-06-11,70.16999816894531,4298.85986328125,1962.199951171875,34.544242634246444,2.9922870256964575,44187.22457378267,1.457966165447686,None
2023-06-12,67.12000274658203,4338.93017578125,1955.300048828125,34.56208466814021,3.0092515893793577,44280.85319312455,0.0,None
2023-06-13,69.41999816894531,4369.009765625,1944.5999755859375,34.34514113940133,3.011361764051384,44311.80414359285,0.0,None
2023-06-14,68.2699966430664,4372.58984375,1955.300048828125,34.50483464208372,3.01039463293268,44286.55355080493,0.0,None
2023-06-15,70.62000274658203,4425.83984375,1957.800048828125,34.43137608829358,3.0049454420645905,44293.76509692205,6.335633255057417,None
2023-06-16,71.77999877929688,4409.58984375,1958.4000244140625,34.45422803219602,3.0089368032081114,44331.681442548135,7.543625116149669,None
2023-06-17,71.77999877929688,4409.58984375,1958.4000244140625,34.54395796373682,3.008560456183863,44345.48171211875,0.0,None
2023-06-18,71.77999877929688,4409.58984375,1958.4000244140625,34.31233853015892,3.019593475004028,44382.41951174107,9.475191570380577,None
2023-06-19,71.77999877929688,4409.58984375,1958.4000244140625,34.244453645793335,3.0207357514906485,44346.3858320871,2.5846947415828025,None
2023-06-20,70.5,4388.7099609375,1935.5,34.214186015039914,3.0222387691052672,44364.85387328891,5.733965059927747,None
2023-06-21,72.52999877929688,4365.68994140625,1933.300048828125,34.20523574087286,3.0186026469831284,44304.168148443656,13.061103141277123,None
2023-06-22,69.51000213623047,4381.89013671875,1912.699951171875,34.26316367016462,3.018033190745918,44308.60684537623,9.484196579327659,None
2023-06-23,69.16000366210938,4348.330078125,1919.0999755859375,34.28943231537725,3.0211112084348386,44273.41146330298,3.6573467604708387,None
2023-06-24,69.16000366210938,4348.330078125,1919.0999755859375,34.26782391978842,3.0040095245082723,44246.63496617349,0.5440388729235632,None
2023-06-25,69.16000366210938,4348.330078125,1919.0999755859375,34.30811336307595,2.9905276702872152,44318.43962493402,0.0,None
2023-06-26,69.37000274658203,4328.81982421875,1923.699951171875,34.21234572003645,2.9979603112274424,44383.005130963735,1.4042334037878996,None
2023-06-27,67.69999694824219,4378.41015625,1914.0,34.34246732627685,2.9996689656087216,44423.46203700909,3.944348805861528,None
2023-06-28,69.55999755859375,4376.85986328125,1912.300048828125,34.15714189731114,2.997829132245195,44378.84639877546,0.06410236424408033,None
2023-06-29,69.86000061035156,4396.43994140625,1909.199951171875,34.44255058779411,2.998013471575849,44373.02597629072,4.343715164538477,None
2023-06-30,70.63999938964844,4450.3798828125,1921.0999755859375,34.22046584985369,3.0014892886294655,44443.68086128968,5.384259414793841,None
2023-07-01,70.63999938964844,4450.3798828125,1921.0999755859375,34.05999484911724,2.996091691826372,44460.76670697168,3.8757200909596072,None
2023-07-02,70.63999938964844,4450.3798828125,1921.0999755859375,34.02688534640945,2.988308644572349,44586.73318397076,1.7499870958827013,None
2023-07-03,69.79000091552734,4455.58984375,1921.699951171875,34.17094454732487,2.9902670971233256,44616.39907594048,5.843273359833638,None
2023-07-04,69.79000091552734,4455.58984375,1921.699951171875,34.0895384283598,2.9804833693471755,44636.00153176498,7.209703247847045,None
2023-07-05,71.79000091552734,4446.81982421875,1919.5999755859375,34.172942576140024,2.98456589690432,44630.545708554855,0.0,None
2023-07-06,71.80000305175781,4411.58984375,1908.699951171875,34.1390000058406,2.9675400608619418,44647.22275379397,12.05466189873135,None
2023-07-07,73.86000061035156,4398.9501953125,1926.199951171875,34.07500819157736,2.977831617235198,44649.599261974945,4.507059338578691,None
2023-07-08,73.86000061035156,4398.9501953125,1926.199951171875,33.98871264445465,2.9825575920593286,44695.00469580937,5.094248114724238,None
2023-07-09,73.86000061035156,4398.9501953125,1926.199951171875,33.913499034846,2.985117889402467,44752.8398116491,8.541072116282786,None
2023-07-10,72.98999786376953,4409.52978515625,1925.0,34.01241926449962,2.9949447992419223,44723.5403386237,6.166080656317508,None
2023-07-11,74.83000183105469,4439.259765625,1931.300048828125,34.135297094242,3.011599543686548,44666.97869094581,9.765683169566225,None
2023-07-12,75.75,4472.16015625,1956.199951171875,34.0641564238594,3.0217432443367294,44585.16842229065,6.435620826009121,None
2023-07-13,76.88999938964844,4510.0400390625,1959.199951171875,33.91177004593601,3.003334502023413,44620.56798863628,1.9378131267978107,None
2023-07-14,75.41999816894531,4505.419921875,1960.0999755859375,34.04776932209809,2.990538732356056,44575.39965832758,6.807517626030508,None
2023-07-15,75.41999816894531,4505.419921875,1960.0999755859375,34.063603825791056,2.984290546579099,44477.75512867996,0.0,None
2023-07-16,75.41999816894531,4505.419921875,1960.0999755859375,33.931823604337616,2.9845514570812077,44507.18405890651,5.542798528882615,None
2023-07-17,74.1500015258789,4522.7900390625,1952.4000244140625,34.03123809623231,2.9897280472858987,44641.83403477815,4.833850046777696,None
2023-07-18,75.75,4554.97998046875,1977.199951171875,34.01786397351585,2.982470609154364,44651.530489201155,3.9594157136373016,None
2023-07-19,75.3499984741211,4565.72021484375,1977.5,33.8944468909764,2.984338276799135,44703.45502792374,4.3573124428053465,None
2023-07-20,75.62999725341797,4534.8701171875,1968.300048828125,34.04174852645416,2.976784447475602,44717.546495851115,0.0,None
2023-07-21,77.06999969482422,4536.33984375,1964.300048828125,34.059800632694795,2.970669269445682,44722.60201319156,2.2563754612951925,None
2023-07-22,77.06999969482422,4536.33984375,1964.300048828125,34.11030740451183,2.9566026584772,44778.555837340944,5.464224505705573,None
2023-07-23,77.06999969482422,4536.33984375,1964.300048828125,34.10619120703192,2.947370326016091,44774.04211013151,5.799281959987002,None
2023-07-24,78.73999786376953,4554.64013671875,1960.300048828125,33.86238203916344,2.9338534799599274,44797.4117258351,0.0,None
2023-07-25,79.62999725341797,4567.4599609375,1962.0999755859375,33.90623404925818,2.9240947474301544,44823.496616144905,11.328539204323503,None
2023-07-26,78.77999877929688,4566.75,1968.9000244140625,34.051917330562866,2.9346311653962327,44800.09209346276,0.6691257589274962,None
2023-07-27,80.08999633789062,4537.41015625,1945.4000244140625,34.05271911241076,2.925137176507913,44859.69421093958,9.847286002633684,None
2023-07-28,80.58000183105469,4582.22998046875,1960.4000244140625,34.05430097144943,2.9514609971562873,44860.94622310481,7.135971809358424,None
2023-07-29,80.58000183105469,4582.22998046875,1960.4000244140625,34.39005323835479,2.956394176165096,44833.15896513017,1.7688634507809846,None
2023-07-30,80.58000183105469,4582.22998046875,1960.4000244140625,34.06438017697126,2.958242537402045,44869.98445730869,13.87655446304756,None
2023-07-31,81.80000305175781,4588.9599609375,1970.5,34.12388454662369,2.9496589596002325,44835.06105821914,0.0,None
2023-08-01,81.37000274658203,4576.72998046875,1940.699951171875,34.10928922718116,2.9566620583943224,44846.47011608759,9.595770868050007,None
2023-08-02,79.48999786376953,4513.39013671875,1937.4000244140625,34.08311156947715,2.9509056801319447,44856.01416625538,10.002911590214891,None
2023-08-03,81.55000305175781,4501.89013671875,1932.0,33.99104907578547,2.9521257782783983,44920.30894454696,1.6468989546167756,None
2023-08-04,82.81999969482422,4478.02978515625,1939.5999755859375,34.103594202168935,2.9777266236610864,44954.04385619096,11.962326500321645,None
2023-08-05,82.81999969482422,4478.02978515625,1939.5999755859375,33.956051049853016,2.97676602466384,44962.792508253704,3.749767427005236,None
2023-08-06,82.81999969482422,4478.02978515625,1939.5999755859375,34.015800027694624,2.9882587579266966,45013.68082321372,6.443468146399285,None
2023-08-07,81.94000244140625,4518.43994140625,1933.5,33.997602619868935,2.981226993675438,45093.19120066458,6.301609193856104,None
2023-08-08,82.91999816894531,4499.3798828125,1924.0999755859375,34.06148871795583,2.980877108770468,45131.081715982175,4.328456292647261,None
2023-08-09,84.4000015258789,4467.7099609375,1915.4000244140625,34.292430939374576,2.998585115126823,45141.59934697434,9.054041365798911,None
2023-08-10,82.81999969482422,4468.830078125,1914.4000244140625,33.88239973209662,2.9923154445489457,45086.00753535684,8.967443602761065,None
2023-08-11,83.19000244140625,4464.0498046875,1912.9000244140625,34.146406506175644,3.0104399301289146,45042.751852203066,0.0,None
2023-08-12,83.19000244140625,4464.0498046875,1912.9000244140625,33.92565161894192,3.01751744948347,45037.490616985335,11.521701214390763,None
2023-08-13,83.19000244140625,4464.0498046875,1912.9000244140625,34.04935637881067,3.011892781724527,45017.01500687737,0.0,None
2023-08-14,82.51000213623047,4489.72021484375,1910.5999755859375,34.21554952591117,3.018216859115082,45017.6664417281,10.162731021708286,None
2023-08-15,80.98999786376953,4437.85986328125,1902.5,34.12366055806011,3.0279424036113496,45030.49893797295,95.63352568413792,Oil facility attacks
2023-08-16,79.37999725341797,4404.330078125,1896.0999755859375,32.482280143719365,3.042249322700465,45066.98357569079,76.45634838198058,None
2023-08-17,80.38999938964844,4370.35986328125,1884.0999755859375,32.676412992427935,3.0338661420229887,45073.45863678784,72.53804257185553,None
2023-08-18,81.25,4369.7099609375,1886.0999755859375,32.96031749485482,3.033217335518422,45107.783718979146,62.44102541551634,None
2023-08-19,81.25,4369.7099609375,1886.0999755859375,32.95158030872856,3.0367344940078236,45121.00743971965,60.902598761585665,None
2023-08-20,81.25,4369.7099609375,1886.0999755859375,33.16755987155307,3.041412257554279,45032.23411140196,55.01493465464513,None
2023-08-21,80.72000122070312,4399.77001953125,1893.300048828125,33.26188454047979,3.052525095537367,44995.26734171102,55.54729172933895,None
2023-08-22,80.3499984741211,4387.5498046875,1896.4000244140625,33.29467197017726,3.058741343792422,44998.06296392494,53.76129455286785,None
2023-08-23,78.88999938964844,4436.009765625,1918.5,33.66870368746523,3.0494046890776274,44947.57822678288,50.17138100391361,None
2023-08-24,79.05000305175781,4376.31005859375,1918.199951171875,33.604947616471286,3.0568412084596996,44987.57466328269,36.74758094505941,None
2023-08-25,79.83000183105469,4405.7099609375,1911.0999755859375,33.41977685767563,3.0662357344909164,45074.11220489988,35.22364313084996,None
2023-08-26,79.83000183105469,4405.7099609375,1911.0999755859375,33.715811273205865,3.0748093493554625,45145.05029748475,24.87685115323201,None
2023-08-27,79.83000183105469,4405.7099609375,1911.0999755859375,33.700588745928606,3.088309690712808,45144.37815393823,26.572157680056236,None
2023-08-28,80.0999984741211,4433.31005859375,1917.9000244140625,33.9168697146235,3.0990852178629433,45228.91446078073,32.98946057337836,None
2023-08-29,81.16000366210938,4497.6298828125,1936.5,33.812969856112716,3.105881479128082,45246.34783364084,34.03865605277771,None
2023-08-30,81.62999725341797,4514.8701171875,1944.300048828125,33.93751291121023,3.107174500335916,45239.493535084934,17.794319253216923,None
2023-08-31,83.62999725341797,4507.66015625,1938.199951171875,34.052809317169,3.092369750583827,45218.82340190789,19.198882733781236,None
2023-09-01,85.55000305175781,4515.77001953125,1939.800048828125,34.13912169919247,3.098299037260216,45213.69991758348,20.39607075968781,None
2023-09-02,85.55000305175781,4515.77001953125,1939.800048828125,33.97998127096843,3.101853608177495,45204.291076656424,20.45121129293289,None
2023-09-03,85.55000305175781,4515.77001953125,1939.800048828125,34.11154095949944,3.105906469414359,45222.8118877752,13.66531503431575,None
2023-09-04,85.55000305175781,4515.77001953125,1939.800048828125,34.14025013966089,3.094348817214968,45240.84058682769,18.623804297432528,None
2023-09-05,86.69000244140625,4496.830078125,1926.199951171875,34.16317109064894,3.084632954484494,45250.99288783536,13.03959966614888,None
2023-09-06,87.54000091552734,4465.47998046875,1918.0999755859375,34.44402366693994,3.0961550109585283,45282.839796322674,14.346007106406983,None
2023-09-07,86.87000274658203,4451.14013671875,1917.5,34.34535364896833,3.0966557261643217,45352.372110061995,16.253422956456816,None
2023-09-08,87.51000213623047,4457.490234375,1918.4000244140625,34.21471642280777,3.104281708824886,45409.84981683406,12.743137378654751,None
2023-09-09,87.51000213623047,4457.490234375,1918.4000244140625,34.467264338534086,3.1052986937327596,45345.60491841156,9.795295430398555,None
2023-09-10,87.51000213623047,4457.490234375,1918.4000244140625,34.62122736469313,3.10626022586253,45227.90886166647,10.765205128589226,None
2023-09-11,87.29000091552734,4487.4599609375,1923.300048828125,34.54477432435238,3.1162438494876294,45284.62485722843,10.270653786852053,None
2023-09-12,88.83999633789062,4461.89990234375,1911.300048828125,34.321198705763194,3.1116270154651913,45226.28092230766,8.318800173732889,None
2023-09-13,88.5199966430664,4467.43994140625,1909.0999755859375,34.45550987987751,3.11308010485295,45225.04265221302,8.382993391459102,None
2023-09-14,90.16000366210938,4505.10009765625,1910.0,34.66069902385282,3.108902424859425,45176.53700091006,17.22513666379202,None
2023-09-15,90.7699966430664,4450.31982421875,1923.699951171875,34.49267049484376,3.104960181192918,45096.437979031056,11.633779443158607,None
2023-09-16,90.7699966430664,4450.31982421875,1923.699951171875,34.63667311621773,3.1022328548235234,45133.511115441295,6.987385748015326,None
2023-09-17,90.7699966430664,4450.31982421875,1923.699951171875,34.69809402695935,3.104783910648916,45181.468873456426,11.619841251659079,None
2023-09-18,91.4800033569336,4453.52978515625,1931.5,34.555817219498735,3.100294765714759,45162.64335342009,6.167630497847667,None
2023-09-19,91.19999694824219,4443.9501953125,1932.0,34.67002568408638,3.113122277326225,45043.09123881285,13.432400778830278,None
2023-09-20,90.27999877929688,4402.2001953125,1945.5999755859375,34.3789500922705,3.104420465486907,45025.77901640022,9.170727369010336,None
2023-09-21,89.62999725341797,4330.0,1919.199951171875,34.62740444920735,3.1027727657033344,45055.36921667035,6.564989029957703,None
2023-09-22,90.02999877929688,4320.06005859375,1925.4000244140625,34.73105296961926,3.0985754392627975,44991.423638231645,9.140100236825464,None
2023-09-23,90.02999877929688,4320.06005859375,1925.4000244140625,34.65772635219655,3.1132261712412155,45010.591634220604,0.0,None
2023-09-24,90.02999877929688,4320.06005859375,1925.4000244140625,35.0028298495354,3.0319122814792245,45019.82614176195,0.0,None
2023-09-25,89.68000030517578,4337.43994140625,1916.5999755859375,34.71933234761676,3.042230726873911,45058.790716742005,0.0,None
2023-09-26,90.38999938964844,4273.52978515625,1900.4000244140625,34.84117271561224,3.0273751231435413,45074.769735162714,5.714715473818534,None
2023-09-27,93.68000030517578,4274.509765625,1871.5999755859375,34.92114272047692,3.030045625802234,45036.11628811863,13.662574997425459,None
2023-09-28,91.70999908447266,4299.7001953125,1860.4000244140625,35.07513618450229,3.038941933758468,45105.94486320186,16.15650073096316,None
2023-09-29,90.79000091552734,4288.0498046875,1848.0999755859375,34.810399376697255,3.0397647736512226,45108.01838455051,8.190255507203785,None
2023-09-30,90.79000091552734,4288.0498046875,1848.0999755859375,35.093303076257186,3.050419577401876,45116.65315757501,7.504222374722285,None
2023-10-01,90.79000091552734,4288.0498046875,1848.0999755859375,35.001023306101956,3.0452466929008724,45079.989759621356,0.0,None
2023-10-02,88.81999969482422,4288.39013671875,1830.0,34.92486243385352,3.059340167302728,45067.82564706178,2.286631001329891,None
2023-10-03,89.2300033569336,4229.4501953125,1824.5999755859375,35.09222475561113,3.0823291485389204,45033.585511360434,1.0610812404588055,None
2023-10-04,84.22000122070312,4263.75,1818.5,35.08889711396167,3.078700762934524,45034.93820836426,1.8957620087444198,None
2023-10-05,82.30999755859375,4258.18994140625,1816.5999755859375,35.031909649535805,3.074245737720516,45130.523632371376,4.159280907076052,None
2023-10-06,82.79000091552734,4308.5,1830.199951171875,35.12180304421707,3.0887795824916933,45071.92857522481,2.6395471115143634,None
2023-10-07,82.79000091552734,4308.5,1830.199951171875,35.09912215490099,3.1045753039490003,45001.25050533097,0.0,None
2023-10-08,82.79000091552734,4308.5,1830.199951171875,35.171763015382886,3.0993467036774676,45084.80902170565,8.73955128058767,None
2023-10-09,86.37999725341797,4335.66015625,1849.5,35.249297147601204,3.095144835506509,45084.34283784806,0.0,None
2023-10-10,85.97000122070312,4358.240234375,1861.0,35.36426158470047,3.092326989417904,45060.889200915066,6.196234320555748,None
2023-10-11,83.48999786376953,4376.9501953125,1872.800048828125,35.10434524177696,3.0788824843075613,45122.88443528487,15.370413348749867,None
2023-10-12,82.91000366210938,4349.60986328125,1869.300048828125,35.46377618302782,3.0696959648427193,45102.60365829802,0.4030770420678831,None
2023-10-13,87.69000244140625,4327.77978515625,1927.4000244140625,35.07747744853724,3.0596545571751985,45203.90414397537,0.0,None
2023-10-14,87.69000244140625,4327.77978515625,1927.4000244140625,35.279576664907346,3.051976581524157,45247.80043754233,3.5699788905994456,None
2023-10-15,87.69000244140625,4327.77978515625,1927.4000244140625,35.37549971444993,3.0516297326502895,45233.404867135054,10.504798174992855,None
2023-10-16,86.66000366210938,4373.6298828125,1921.0999755859375,35.366512266607174,3.053971879975655,45351.27027779833,14.791737271102969,None
2023-10-17,86.66000366210938,4373.2001953125,1922.699951171875,35.29770896254326,3.0694768849037954,45330.98453164816,0.0,None
2023-10-18,88.31999969482422,4314.60009765625,1955.300048828125,35.36054184980475,3.0594933444964076,45378.08930024863,7.483496116182609,None
2023-10-19,89.37000274658203,4278.0,1968.4000244140625,35.35322714527408,3.0693365684811735,45403.05392926895,2.673447716099733,None
2023-10-20,88.75,4224.16015625,1982.5,35.36455071548411,3.067196680038918,45478.14099373889,4.470258228479322,None
2023-10-21,88.75,4224.16015625,1982.5,35.52918303974727,3.066702042942394,45566.21655357523,18.221716735085174,None
2023-10-22,88.75,4224.16015625,1982.5,35.500424720640275,3.07345023786406,45577.81676102852,0.0,None
2023-10-23,85.48999786376953,4217.0400390625,1976.300048828125,35.41568639898469,3.062223017648437,45550.14586751121,6.268698307472867,None
2023-10-24,83.73999786376953,4247.68017578125,1975.0,35.594934648710044,3.0660471151102775,45583.14447465817,7.338465858827166,None
2023-10-25,85.38999938964844,4186.77001953125,1984.0999755859375,35.55543443988667,3.0677116371924082,45559.25870617056,10.428931624696736,None
2023-10-26,83.20999908447266,4137.22998046875,1987.199951171875,35.625442599756106,3.0726361498324897,45669.92806854689,5.489915767354477,None
2023-10-27,85.54000091552734,4117.3701171875,1988.5999755859375,35.62628294225598,3.0755278362715677,45686.754835101034,6.540252697520511,None
2023-10-28,85.54000091552734,4117.3701171875,1988.5999755859375,35.49928584662856,3.1000808376706765,45678.48875753542,3.0417571628910443,None
2023-10-29,85.54000091552734,4117.3701171875,1988.5999755859375,35.54472416021828,3.0937034378281636,45697.72277282867,6.345634706225537,None
2023-10-30,82.30999755859375,4166.81982421875,1996.199951171875,35.69371033886163,3.0883934682781455,45640.36645835218,3.2840386225129476,None
2023-10-31,81.0199966430664,4193.7998046875,1985.199951171875,35.69792885587823,3.0821620630138975,45601.78575642665,8.107859449280255,None
2023-11-01,80.44000244140625,4237.85986328125,1978.800048828125,35.65237517074171,3.0766072918222953,45671.806451823875,3.1519483197818303,None
2023-11-02,82.45999908447266,4317.77978515625,1985.5999755859375,35.68342491072163,3.07023342054923,45648.9617378753,6.8855019695109325,None
2023-11-03,80.51000213623047,4358.33984375,1991.5,35.81632972092211,3.0821235858603053,45606.61618874121,4.853685931575108,None
2023-11-04,80.51000213623047,4358.33984375,1991.5,35.645912431814715,3.096328628340204,45643.448826367574,10.630251253860841,None
2023-11-05,80.51000213623047,4358.33984375,1991.5,35.77591218546082,3.0906211654027094,45712.73403410072,4.743031382057569,None
2023-11-06,80.81999969482422,4365.97998046875,1981.5999755859375,35.716734050740946,3.082297609671667,45758.68169963398,0.0,None
2023-11-07,77.37000274658203,4378.3798828125,1966.800048828125,35.73054571334444,3.087011765235531,45818.48408392427,11.309607503569959,None
2023-11-08,75.33000183105469,4382.77978515625,1951.5,35.87715354940021,3.081489534792721,45790.64432949579,0.4713384956869051,None
2023-11-09,75.73999786376953,4347.35009765625,1964.199951171875,35.86437311736683,3.0878188529702766,45729.5537961587,1.731168306755901,None
2023-11-10,77.16999816894531,4415.240234375,1932.5999755859375,35.877323942216826,3.0898480831787896,45814.62047875647,2.0216935297825396,None
2023-11-11,77.16999816894531,4415.240234375,1932.5999755859375,35.94024074286617,3.074690642028817,45808.48648681437,11.872190465854086,None
2023-11-12,77.16999816894531,4415.240234375,1932.5999755859375,35.82508425005693,3.090165694042118,45805.94483599161,0.0,None
2023-11-13,78.26000213623047,4411.5498046875,1945.5,35.90403424696864,3.108124470773073,45882.35454308407,20.68874266829997,None
2023-11-14,78.26000213623047,4495.7001953125,1961.800048828125,35.81722462922038,3.101996583868229,45920.1660435541,10.280284045330259,None
2023-11-15,76.66000366210938,4502.8798828125,1960.0999755859375,35.892630991662344,3.0981195682688694,45952.96043215818,6.116194570645798,None
2023-11-16,72.9000015258789,4508.240234375,1983.9000244140625,35.8587074623898,3.1009782221761184,46071.21054940324,4.725529996918568,None
2023-11-17,75.88999938964844,4514.02001953125,1981.5999755859375,35.892467040348706,3.1043227900759884,46049.03463788423,6.427770374288285,None
2023-11-18,75.88999938964844,4514.02001953125,1981.5999755859375,35.952861236329255,3.110908232802717,46105.426644288294,7.6056121418966915,None
2023-11-19,75.88999938964844,4514.02001953125,1981.5999755859375,35.82162836628704,3.1310102781903804,46118.27730053315,8.226077929750286,None
2023-11-20,77.5999984741211,4547.3798828125,1977.699951171875,36.12231552150766,3.12924080591544,46141.70691447631,77.77802233001724,Strait closure threats
2023-11-21,77.7699966430664,4538.18994140625,1999.300048828125,34.5548453894615,3.127919214207538,46228.13033579693,68.78652266879341,None
2023-11-22,77.0999984741211,4556.6201171875,1991.4000244140625,34.66323183305625,3.1201534884744517,46263.522123611416,61.32446061392209,None
2023-11-23,77.0999984741211,4556.6201171875,1991.4000244140625,35.01770049568837,3.1182980653427705,46300.4369275639,56.10090902945269,None
2023-11-24,75.54000091552734,4559.33984375,2002.199951171875,35.087416900929206,3.1229016678392583,46364.06229442939,50.94786182073135,None
2023-11-25,75.54000091552734,4559.33984375,2002.199951171875,35.16713008345568,3.1453125035170464,46355.81465795224,53.12599666421966,None
2023-11-26,75.54000091552734,4559.33984375,2002.199951171875,35.25501637202616,3.1441767221799872,46323.85417458529,46.38459813798616,None
2023-11-27,74.86000061035156,4550.43017578125,2011.800048828125,35.27022232610055,3.150070444957559,46281.61371488424,25.059028092077263,None
2023-11-28,76.41000366210938,4554.89013671875,2039.699951171875,35.2535167329677,3.153214159774025,46193.29588541544,39.73253137085432,None
2023-11-29,77.86000061035156,4550.580078125,2047.0999755859375,35.415806931933034,3.168091243814869,46306.10624191246,34.433557155435814,None
2023-11-30,75.95999908447266,4567.7998046875,2038.0999755859375,35.3992801668622,3.1960688833734463,46260.945823626374,30.658017099771477,None
2023-12-01,74.06999969482422,4594.6298828125,2071.0,35.61760340533263,3.193210780667379,46259.883142447085,26.35838359342114,None
2023-12-02,74.06999969482422,4594.6298828125,2071.0,35.553294382567074,3.190533767267208,46256.04247745263,31.704158433784215,None
2023-12-03,74.06999969482422,4594.6298828125,2071.0,35.52861464417119,3.2029817453593723,46281.41281234309,28.814857822995172,None
2023-12-04,73.04000091552734,4569.77978515625,2024.0999755859375,35.617845577027126,3.211616098292103,46332.199672970055,18.397399136794405,None
2023-12-05,72.31999969482422,4567.18017578125,2018.5,35.726114718400936,3.231725847814986,46385.22334738804,22.654372646012764,None
2023-12-06,69.37999725341797,4549.33984375,2030.5,35.65963190220754,3.23905148461901,46366.0694754596,14.274472586919448,None
2023-12-07,69.33999633789062,4585.58984375,2029.9000244140625,35.66160722292753,3.2368034732870736,46367.71338977027,10.889755859746774,None
2023-12-08,71.2300033569336,4604.3701171875,1998.300048828125,35.79293372438928,3.2439269461021776,46391.84238729469,13.437336052561232,None
2023-12-09,71.2300033569336,4604.3701171875,1998.300048828125,35.81495161424004,3.256115100737933,46389.40783098551,19.781770707498247,None
2023-12-10,71.2300033569336,4604.3701171875,1998.300048828125,35.759025284103195,3.265316256068928,46479.77510978651,19.23909505344332,None
2023-12-11,71.31999969482422,4622.43994140625,1978.0,35.77945488968969,3.2712905162288557,46514.32385736843,16.1373770781952,None
2023-12-12,68.61000061035156,4643.7001953125,1977.800048828125,35.86435839197052,3.2827729920170925,46561.06774667092,16.381700019603358,None
2023-12-13,69.47000122070312,4707.08984375,1982.300048828125,35.70885939421902,3.295204049946316,46604.21181010429,14.599010496171054,None
2023-12-14,71.58000183105469,4719.5498046875,2030.199951171875,35.72350456719771,3.3096935021870286,46672.885502978555,8.142848754144115,None
2023-12-15,71.43000030517578,4719.18994140625,2021.0999755859375,35.801193478130045,3.3167849078895113,46691.93658091374,12.905562627042618,None
2023-12-16,71.43000030517578,4719.18994140625,2021.0999755859375,35.858806689690994,3.315660526515012,46637.09498351595,14.201198101141783,None
2023-12-17,71.43000030517578,4719.18994140625,2021.0999755859375,35.91679369076642,3.3176224279625663,46667.07938110358,13.475842540850355,None
2023-12-18,72.47000122070312,4740.56005859375,2026.300048828125,36.037329446201475,3.3301351991356674,46644.511536413986,15.201271241138471,None
2023-12-19,73.44000244140625,4768.3701171875,2038.4000244140625,35.97828222472826,3.3223709214056116,46628.0807023265,12.393144639953825,None
2023-12-20,74.22000122070312,4698.35009765625,2034.5,35.87796032748144,3.3264241851125385,46667.39890326426,10.24233582345839,None
2023-12-21,73.88999938964844,4746.75,2039.0999755859375,35.892282446412366,3.3228224476074666,46739.313056835934,13.504195359131185,None
2023-12-22,73.55999755859375,4754.6298828125,2057.10009765625,35.793022763156856,3.3234099857258776,46750.376635672736,7.720747982240335,None
2023-12-23,73.55999755859375,4754.6298828125,2057.10009765625,35.88944149233271,3.3364660369123498,46775.81828630269,3.172448461948212,None
2023-12-24,73.55999755859375,4754.6298828125,2057.10009765625,35.85942780084894,3.3386227204134125,46870.92903353445,6.520794077504006,None
2023-12-25,73.55999755859375,4754.6298828125,2057.10009765625,35.91660350298107,3.3393093979526345,46892.966692508875,3.38930361553005,None
2023-12-26,75.56999969482422,4774.75,2058.199951171875,35.79673261137551,3.325911992811087,47033.0508482179,3.5367691964385712,None
2023-12-27,74.11000061035156,4781.580078125,2081.89990234375,35.925645470982396,3.3335565421897466,47071.326330499476,6.008053499346168,None
2023-12-28,71.7699966430664,4783.35009765625,2073.89990234375,36.020412283970806,3.3401760768241493,46993.28819254168,2.603854424931786,None
2023-12-29,71.6500015258789,4769.830078125,2062.39990234375,35.8489006022378,3.3619576442859294,47040.955273596905,4.8771261530111065,None
2023-12-30,71.6500015258789,4769.830078125,2062.39990234375,35.91747386640934,3.2902967957376053,47070.01319284105,0.0,None
2023-12-31,71.6500015258789,4769.830078125,2062.39990234375,35.93503980295555,3.292488299014245,47144.500830545185,6.066468536864693,None
2024-01-01,71.6500015258789,4769.830078125,2062.39990234375,35.81416734805255,3.2949821358513525,47188.159898108686,5.006027376811121,None
2024-01-02,70.37999725341797,4742.830078125,2064.39990234375,35.864510133103856,3.3107566686489873,47191.23709890949,0.9145568446590469,None
2024-01-03,72.69999694824219,4704.81005859375,2034.199951171875,35.83072556894303,3.3098037133251177,47140.022187095026,8.296228342162024,None
2024-01-04,72.19000244140625,4688.68017578125,2042.300048828125,35.82616002921995,3.312593928582821,47139.571024230725,9.68785068813279,None
2024-01-05,73.80999755859375,4697.240234375,2042.4000244140625,35.72558510305334,3.3186728936799863,47107.04500152026,0.0,None
2024-01-06,73.80999755859375,4697.240234375,2042.4000244140625,35.79140548657723,3.32053898491155,47088.01882903002,1.186376107168929,None
2024-01-07,73.80999755859375,4697.240234375,2042.4000244140625,35.8244047909522,3.316074648766045,47127.447749251056,1.1542882510635089,None
2024-01-08,70.7699966430664,4763.5400390625,2026.5999755859375,35.90495952092408,3.318015548695028,47220.94297446862,0.3004844944556764,None
2024-01-09,72.23999786376953,4756.5,2026.4000244140625,35.84060996471293,3.3287518661936257,47250.676550959775,9.147374209658743,None
2024-01-10,71.37000274658203,4783.4501953125,2021.699951171875,35.944444404645125,3.318486713199515,47200.88239785801,4.030869306135982,None
2024-01-11,72.0199966430664,4780.240234375,2014.300048828125,35.63644847434179,3.3198164099409837,47233.11253126902,3.6774257934469463,None
2024-01-12,72.68000030517578,4783.830078125,2046.699951171875,35.7840946056696,3.312815201791592,47302.9441056013,0.0,None
2024-01-13,72.68000030517578,4783.830078125,2046.699951171875,35.69850693834475,3.32476566808084,47282.45496038534,8.177090151046132,None
2024-01-14,72.68000030517578,4783.830078125,2046.699951171875,35.882102951562565,3.3095337990330025,47285.75410205169,0.0,None
2024-01-15,72.68000030517578,4783.830078125,2046.699951171875,35.56489150599307,3.3039445805602865,47296.48851178815,5.299663151331641,None
2024-01-16,72.4000015258789,4765.97998046875,2026.0,35.54400579958535,3.307716699310932,47267.24359613404,6.386884689790959,None
2024-01-17,72.55999755859375,4739.2099609375,2002.5999755859375,35.54996273985567,3.3233719396032755,47309.65761782623,11.803292979193255,None
2024-01-18,74.08000183105469,4780.93994140625,2018.5999755859375,35.37911339840973,3.3227144369925457,47313.61021039584,0.0,None
2024-01-19,73.41000366210938,4839.81005859375,2026.5,35.520215126595424,3.3171624417256136,47344.586832591194,0.0,None
2024-01-20,73.41000366210938,4839.81005859375,2026.5,35.477861623605165,3.3359740124200195,47310.212223701084,5.919247723768474,None
2024-01-21,73.41000366210938,4839.81005859375,2026.5,35.54950520477542,3.321493873415857,47298.33930868492,14.002555907554267,None
2024-01-22,75.19000244140625,4850.43017578125,2019.800048828125,35.549049263107804,3.299505813849656,47344.45837657631,11.194731764697186,None
2024-01-23,74.37000274658203,4864.60009765625,2023.699951171875,35.682625869505166,3.3039059583501893,47335.81671897172,6.048297076373129,None
2024-01-24,75.08999633789062,4868.5498046875,2013.9000244140625,35.5699240921776,3.298885416106663,47432.164911533386,2.5418190718397633,None
2024-01-25,77.36000061035156,4894.16015625,2016.9000244140625,35.396812729242015,3.288673087935356,47422.18310225266,9.035612983186551,None
2024-01-26,78.01000213623047,4890.97021484375,2016.800048828125,35.34404227198272,3.2957566524083495,47443.417338540254,0.13226900147765708,None
2024-01-27,78.01000213623047,4890.97021484375,2016.800048828125,35.462226480140565,3.298194659546062,47500.04688013391,7.381788846781096,None
2024-01-28,78.01000213623047,4890.97021484375,2016.800048828125,35.25994328915802,3.2925538732386945,47439.12859348726,7.527350795833135,None
2024-01-29,76.77999877929688,4927.93017578125,2025.199951171875,35.553836915630505,3.2797508292519852,47361.08815288822,10.3010495374944,None
2024-01-30,77.81999969482422,4924.97021484375,2031.5,35.4671631319054,3.288475402534787,47294.80533715971,18.798300194555388,None
2024-01-31,75.8499984741211,4845.64990234375,2048.39990234375,35.28064466030483,3.2949774143143733,47367.93454233107,6.962079835893835,None
2024-02-01,73.81999969482422,4906.18994140625,2053.0,35.13441837445066,3.29398565567658,47350.34163503645,2.455181871462506,None
2024-02-02,72.27999877929688,4958.60986328125,2036.0999755859375,35.41912672595366,3.3124520256370564,47488.25159931986,4.8721284390400275,None
2024-02-03,72.27999877929688,4958.60986328125,2036.0999755859375,35.25014287346966,3.3017511779737947,47470.03921938699,0.0,None
2024-02-04,72.27999877929688,4958.60986328125,2036.0999755859375,35.363097295484906,3.2864959262645472,47489.266784546846,1.5264343445547093,None
2024-02-05,72.77999877929688,4942.81005859375,2025.699951171875,35.057464943484376,3.279576845565735,47576.37228217524,2.95358780943448,None
2024-02-06,73.30999755859375,4954.22998046875,2034.5,35.13444736002027,3.27912098540218,47686.6769265832,2.3795580103270373,None
2024-02-07,73.86000061035156,4995.06005859375,2035.199951171875,35.1722834230631,3.281554379895407,47799.75210541501,5.76177436016861,None
2024-02-08,76.22000122070312,4997.91015625,2032.199951171875,35.15374032555265,3.2791420193168435,47870.170416944675,0.8879003380889969,None
2024-02-09,76.83999633789062,5026.60986328125,2023.300048828125,35.08123998709712,3.2826625732819865,47931.37354323525,10.605153336622358,None
2024-02-10,76.83999633789062,5026.60986328125,2023.300048828125,35.16566892502312,3.270147179040082,47970.999890695304,95.00103532459099,Major naval standoff
2024-02-11,76.83999633789062,5026.60986328125,2023.300048828125,33.34499717331374,3.2931494574575786,48019.917944503635,86.3888660175433,None
2024-02-12,76.91999816894531,5021.83984375,2018.199951171875,33.56955327990393,3.3000775455198705,48002.35865868721,77.04629419445378,None
2024-02-13,77.87000274658203,4953.169921875,1992.9000244140625,33.7130729049138,3.318262631751416,47971.4487145161,72.44959328064951,None
2024-02-14,76.63999938964844,5000.6201171875,1990.300048828125,33.85637521195479,3.32803472093334,47981.27999164555,69.45429546654572,None
2024-02-15,78.02999877929688,5029.72998046875,2002.0999755859375,33.96789888891308,3.338343297893948,47982.7707605193,55.2521082955825,None
2024-02-16,79.19000244140625,5005.56982421875,2011.5,33.86515870687726,3.349235682821945,47970.109358052934,51.10246480308611,None
2024-02-17,79.19000244140625,5005.56982421875,2011.5,33.89522845215548,3.3584131383293534,48014.928730425774,48.17404719734353,None
2024-02-18,79.19000244140625,5005.56982421875,2011.5,34.23850897806213,3.3690934364987055,48072.6939908543,38.710252153183866,None
2024-02-19,79.19000244140625,5005.56982421875,2011.5,34.19802208187651,3.386233299193926,48087.11433516889,37.49498007804643,None
2024-02-20,78.18000030517578,4975.509765625,2027.5,34.1367218179907,3.3916806305621647,48170.99083922165,35.72804533770651,None
2024-02-21,77.91000366210938,4981.7998046875,2022.300048828125,34.40690498071954,3.4019214203106527,48123.90638351498,39.3303434363908,None
2024-02-22,78.61000061035156,5087.02978515625,2019.699951171875,34.29765882889605,3.4038749818285097,48124.22341055099,33.42028571710782,None
2024-02-23,76.48999786376953,5088.7998046875,2038.5999755859375,34.43298762862951,3.4208557716820414,48098.38229452085,30.495810929898852,None
2024-02-24,76.48999786376953,5088.7998046875,2038.5999755859375,34.3459696036823,3.416425983279765,48015.0554636672,31.448216565584445,None
2024-02-25,76.48999786376953,5088.7998046875,2038.5999755859375,34.56512483993346,3.436547399950259,48020.92142937506,24.394855471361698,None
2024-02-26,77.58000183105469,5069.52978515625,2028.5,34.55052349385902,3.4380568482376552,48024.8340539559,25.123010869163434,None
2024-02-27,78.87000274658203,5078.18017578125,2034.0,34.36253375332006,3.4254782666712478,48110.50654111801,20.92540840008364,None
2024-02-28,78.54000091552734,5069.759765625,2033.0,34.493887268936824,3.428323928045159,48152.04712534574,21.20371168694093,None
2024-02-29,78.26000213623047,5096.27001953125,2045.699951171875,34.46775185484247,3.4229291356803158,48110.83778412928,15.547382441979245,None
2024-03-01,79.97000122070312,5137.080078125,2086.89990234375,34.54404052609406,3.432616571408945,48213.542412446,4.986089699912998,None
2024-03-02,79.97000122070312,5137.080078125,2086.89990234375,34.31239504404156,3.4272494285644477,48284.59409722226,15.34968273183685,None
2024-03-03,79.97000122070312,5137.080078125,2086.89990234375,34.477192851087565,3.4238363885224588,48323.69898239569,22.086024933109748,None
2024-03-04,78.73999786376953,5130.9501953125,2117.699951171875,34.51234196699401,3.405889969530561,48322.3747774532,18.6543729462603,None
2024-03-05,78.1500015258789,5078.64990234375,2133.5,34.22694999631919,3.4022255864770754,48284.402815617024,17.99160321900298,None
2024-03-06,79.12999725341797,5104.759765625,2150.300048828125,34.27941805640215,3.378763759130682,48275.792476813476,18.568303485181982,None
2024-03-07,78.93000030517578,5157.35986328125,2158.0,34.1875026330792,3.3636277587326857,48340.22990779868,12.127909994097235,None
2024-03-08,78.01000213623047,5123.68994140625,2178.60009765625,34.35708060804041,3.371868031186841,48444.459223095415,12.035074683605457,None
2024-03-09,78.01000213623047,5123.68994140625,2178.60009765625,34.447422447324115,3.3803016232836574,48531.62139950902,7.3846461590978665,None
2024-03-10,78.01000213623047,5123.68994140625,2178.60009765625,34.51672808298027,3.3850770147327,48517.17892841971,8.371725524941402,None
2024-03-11,77.93000030517578,5117.93994140625,2182.5,34.36401786521929,3.3758785069533768,48471.19805675526,12.559691901963465,None
2024-03-12,77.55999755859375,5175.27001953125,2160.39990234375,34.50898236148523,3.3758278013296446,48488.24236910082,15.073850401264284,None
2024-03-13,79.72000122070312,5165.31005859375,2175.39990234375,34.197114916176744,3.3761776057961064,48409.820400822675,7.971366979647962,None
2024-03-14,81.26000213623047,5150.47998046875,2163.0,34.15337005034218,3.3649430721961218,48435.978786531916,6.068538741854543,None
2024-03-15,81.04000091552734,5117.08984375,2157.300048828125,34.306395360378325,3.380292945983476,48438.598657216986,8.006234090712333,None
2024-03-16,81.04000091552734,5117.08984375,2157.300048828125,34.33832992020518,3.3893523986776533,48425.29683212357,10.72379825265424,None
2024-03-17,81.04000091552734,5117.08984375,2157.300048828125,34.28442516654467,3.3874013864271086,48355.561678760234,0.23986093958862087,None
2024-03-18,82.72000122070312,5149.419921875,2160.699951171875,34.06858070457848,3.38790426245498,48391.241684088716,0.0,None
2024-03-19,83.47000122070312,5178.509765625,2156.300048828125,34.25395806471009,3.390199838449731,48374.606642105624,4.260685219596986,None
2024-03-20,81.68000030517578,5224.6201171875,2157.89990234375,34.11993437871647,3.369974087202421,48326.11080032011,0.7182099005516018,None
2024-03-21,81.06999969482422,5241.52978515625,2182.39990234375,34.337841095989035,3.279324085407337,48192.497689656026,2.4592990117634455,None
2024-03-22,80.62999725341797,5234.18017578125,2158.10009765625,34.29197694250527,3.272504242927359,48201.121944403494,4.261098405912643,None
2024-03-23,80.62999725341797,5234.18017578125,2158.10009765625,34.14616686122269,3.26248804282841,48299.73452423698,2.733757954884933,None
2024-03-24,80.62999725341797,5234.18017578125,2158.10009765625,34.174008346438676,3.2596770398995503,48392.79748496437,12.262337672353727,None
2024-03-25,81.94999694824219,5218.18994140625,2174.800048828125,34.10512417865977,3.277653905168046,48379.94267213506,6.6337238230116,None
2024-03-26,81.62000274658203,5203.580078125,2175.60009765625,34.190846008833795,3.284062333780716,48359.83206911697,6.502371798054142,None
2024-03-27,81.3499984741211,5248.490234375,2190.60009765625,34.279121812685055,3.2783505438828877,48393.27078192072,8.11103572021701,None
2024-03-28,83.16999816894531,5254.35009765625,2217.39990234375,34.07196106650159,3.2840763716964494,48353.35150996131,0.0,None
2024-03-29,83.16999816894531,5254.35009765625,2217.39990234375,34.20830376662897,3.2980699260623094,48378.44110495228,10.195558937101342,None
2024-03-30,83.16999816894531,5254.35009765625,2217.39990234375,34.09268484292162,3.307316262891437,48426.74511887151,4.6211785673227,None
2024-03-31,83.16999816894531,5254.35009765625,2217.39990234375,34.05468731298932,3.307912566590639,48498.09178006573,8.352403086206063,None
2024-04-01,83.70999908447266,5243.77001953125,2236.5,34.1119942698051,3.3014431988135833,48503.084076241736,0.0,None
2024-04-02,85.1500015258789,5205.81005859375,2261.0,34.00836047465045,3.308425431949719,48502.90038873289,0.0,None
2024-04-03,85.43000030517578,5211.490234375,2294.39990234375,34.0461775961961,3.3123602858039365,48469.00125939506,9.089448290125144,None
2024-04-04,86.58999633789062,5147.2099609375,2288.800048828125,33.97188845412436,3.3213122180042136,48437.657241693065,6.882047630487583,None
2024-04-05,86.91000366210938,5204.33984375,2325.699951171875,34.27876359613469,3.3276639360210334,48436.33329709799,0.4897422282124477,None
2024-04-06,86.91000366210938,5204.33984375,2325.699951171875,34.07691837145867,3.338159463174227,48464.7015724388,0.6516845936265279,None
2024-04-07,86.91000366210938,5204.33984375,2325.699951171875,33.99501120651533,3.3328071110586213,48520.38080375046,10.627173922073847,None
2024-04-08,86.43000030517578,5202.39013671875,2331.699951171875,34.07846875077974,3.3459810517149644,48490.22185621644,0.0,None
2024-04-09,85.2300033569336,5209.91015625,2343.5,34.038424409840566,3.3479570477618883,48574.85628466442,13.213364766279817,None
2024-04-10,86.20999908447266,5160.64013671875,2329.60009765625,34.02065008949306,3.368709656488141,48571.30010461229,0.4968963267606563,None
2024-04-11,85.0199966430664,5199.06005859375,2354.800048828125,34.09776059381155,3.3618177783072456,48580.231739894865,8.191959628041914,None
2024-04-12,85.66000366210938,5123.41015625,2356.199951171875,34.1062020005177,3.379177416338898,48552.87115593748,3.356907621255077,None
2024-04-13,85.66000366210938,5123.41015625,2356.199951171875,33.972021973057124,3.3811565241735244,48441.65914292383,8.015937155411716,None
2024-04-14,85.66000366210938,5123.41015625,2356.199951171875,33.96262752389326,3.37464234413738,48495.861412741884,2.279429989429037,None
2024-04-15,85.41000366210938,5061.81982421875,2365.800048828125,33.98836041592259,3.3698034857968366,48542.70360759651,4.186035469638529,None
2024-04-16,85.36000061035156,5051.41015625,2390.800048828125,33.78185098519769,3.3666000127148936,48538.63722974059,5.204595876978606,None
2024-04-17,82.69000244140625,5022.2099609375,2371.699951171875,33.8572248145396,3.3708416721789125,48551.98676560184,0.0,None
2024-04-18,82.7300033569336,5011.1201171875,2382.300048828125,34.14265721716378,3.3760700270592676,48587.78372648705,8.70412172710063,None
2024-04-19,83.13999938964844,4967.22998046875,2398.39990234375,34.1682189514081,3.370333027019882,48519.65643364272,2.433932167642074,None
2024-04-20,83.13999938964844,4967.22998046875,2398.39990234375,33.97709867623867,3.370089481097272,48503.2037997754,3.8570004232999073,None
2024-04-21,83.13999938964844,4967.22998046875,2398.39990234375,34.058466698134005,3.391512184683391,48552.917033756494,0.028253126957438646,None
2024-04-22,82.8499984741211,5010.60009765625,2332.199951171875,34.0312739914135,3.408787616384398,48500.20256259803,0.0,None
2024-04-23,83.36000061035156,5070.5498046875,2327.699951171875,34.307904634095216,3.413150853081138,48524.88045920636,4.044861186999155,None
2024-04-24,82.80999755859375,5071.6298828125,2324.5,34.11237129498546,3.4135308878628203,48467.05136897519,17.06307710806458,None
2024-04-25,83.56999969482422,5048.419921875,2329.800048828125,33.98854875817146,3.4147312011300026,48500.37286809687,8.92302143949012,None
2024-04-26,83.8499984741211,5099.9599609375,2334.800048828125,33.90724215875878,3.4208663808573068,48508.590793981995,4.903698101328027,None
2024-04-27,83.8499984741211,5099.9599609375,2334.800048828125,33.84413545726356,3.410638455205323,48437.83420318672,3.6855458539586614,None
2024-04-28,83.8499984741211,5099.9599609375,2334.800048828125,34.02763748948867,3.4080646898310896,48506.07117090958,5.112329464060232,None
2024-04-29,82.62999725341797,5116.169921875,2345.39990234375,33.9346929080772,3.3913788490923134,48479.34159206967,7.73559557587605,None
2024-04-30,81.93000030517578,5035.68994140625,2291.39990234375,33.87166367987207,3.3953710803183665,48448.82897021896,0.0,None
2024-05-01,79.0,5018.39013671875,2299.89990234375,33.95331515592232,3.401843039715394,48468.857430080505,10.57160847334436,None
2024-05-02,78.94999694824219,5064.2001953125,2299.199951171875,33.91442119988806,3.3970111750924,48536.289297551935,8.57690657720622,None
2024-05-03,78.11000061035156,5127.7900390625,2299.0,34.196411443626864,3.4127510427253003,48495.49820660302,8.590928628539672,None
2024-05-04,78.11000061035156,5127.7900390625,2299.0,34.121497547001724,3.400493386095277,48508.582199095414,7.192378694048637,None
2024-05-05,78.11000061035156,5127.7900390625,2299.0,34.038684624236964,3.3858496372931786,48540.02302411194,5.098083288469949,None
2024-05-06,78.4800033569336,5180.740234375,2321.60009765625,34.19413338854085,3.3880941554787785,48584.67830447511,8.364306179834099,None
2024-05-07,78.37999725341797,5187.7001953125,2315.199951171875,34.06103813478196,3.3985651385049,48603.50038223896,7.95907066870689,None
2024-05-08,78.98999786376953,5187.669921875,2313.60009765625,33.974836662574404,3.415404415419479,48595.1489902848,3.2297964452948813,None
2024-05-09,79.26000213623047,5214.080078125,2332.10009765625,34.221438659082764,3.4108155727907894,48563.76947925236,2.131991135515495,None
2024-05-10,78.26000213623047,5222.68017578125,2367.300048828125,34.13167149150666,3.421602381125102,48578.07667340468,5.509281476309933,None
2024-05-11,78.26000213623047,5222.68017578125,2367.300048828125,33.98319859062824,3.421217296430095,48534.4697228054,12.745100757475937,None
2024-05-12,78.26000213623047,5222.68017578125,2367.300048828125,34.077515697581255,3.419491023430687,48398.40219863067,0.0,None
2024-05-13,79.12000274658203,5221.419921875,2336.10009765625,34.01909264087596,3.4283276228055537,48430.230188838555,0.0,None
2024-05-14,78.0199966430664,5246.68017578125,2353.39990234375,33.97895258305413,3.434850851589688,48485.42693089286,5.823804206182584,None
2024-05-15,78.62999725341797,5308.14990234375,2388.699951171875,34.22089598692659,3.419086930019845,48377.28030911577,5.2544385092800905,None
2024-05-16,79.2300033569336,5297.10009765625,2380.0,34.33072730763351,3.4338523335171045,48336.79377388027,5.866708321852041,None
2024-05-17,80.05999755859375,5303.27001953125,2412.199951171875,34.01189193773836,3.447653247058579,48377.75148693053,6.219765989542501,None
2024-05-18,80.05999755859375,5303.27001953125,2412.199951171875,34.220457973829916,3.4413976200434835,48490.62626041612,3.8839887268259745,None
2024-05-19,80.05999755859375,5303.27001953125,2412.199951171875,34.111951877194166,3.445355655377858,48501.66594579989,12.449317193010412,None
2024-05-20,79.80000305175781,5308.1298828125,2433.89990234375,34.14159459947279,3.450295957240685,48475.26579873843,0.0,None
2024-05-21,79.26000213623047,5321.41015625,2421.699951171875,34.14478762895936,3.452902694898924,48476.12097668319,0.8575148760987696,None
2024-05-22,77.56999969482422,5307.009765625,2389.199951171875,34.13176944056399,3.44739964336047,48554.8647976406,4.483726199254763,None
2024-05-23,76.87000274658203,5267.83984375,2335.0,34.23757629859299,3.4406834096810894,48532.56658868437,0.0,None
2024-05-24,77.72000122070312,5304.72021484375,2332.5,34.164591154691735,3.440427868971175,48502.60698835186,4.120727977839644,None
2024-05-25,77.72000122070312,5304.72021484375,2332.5,34.29009236659365,3.4521551591637687,48488.46981224276,13.307350828640091,None
2024-05-26,77.72000122070312,5304.72021484375,2332.5,34.273773741711274,3.457591160709713,48450.80338182982,5.104432441479809,None
2024-05-27,77.72000122070312,5304.72021484375,2332.5,34.27103562461506,3.453885017388852,48466.93689762957,6.153504528593418,None
2024-05-28,79.83000183105469,5306.0400390625,2355.199951171875,34.22068040245256,3.4616020044953353,48558.170820553045,0.0,None
2024-05-29,79.2300033569336,5266.9501953125,2340.300048828125,34.270630694552416,3.4331165782890345,48584.324784208846,1.9181929598026128,None
2024-05-30,77.91000366210938,5235.47998046875,2342.89990234375,34.421073792444446,3.4446042352927555,48581.70710910253,3.124018098380315,None
2024-05-31,76.98999786376953,5277.509765625,2322.89990234375,34.413199889427545,3.4272070975049744,48577.116545656754,3.4114245162188297,None
2024-06-01,76.98999786376953,5277.509765625,2322.89990234375,34.28326349717084,3.4235826880909435,48508.95700522192,11.408218975018844,None
2024-06-02,76.98999786376953,5277.509765625,2322.89990234375,34.40919096630494,3.4123859891446817,48563.11249407928,7.788455303625623,None
2024-06-03,74.22000122070312,5283.39990234375,2346.60009765625,34.492953364616405,3.3994391743874726,48569.22063422864,0.0,None
2024-06-04,73.25,5291.33984375,2325.5,34.26973941382424,3.411047442261258,48570.19663854911,6.232523892160025,None
2024-06-05,74.06999969482422,5354.02978515625,2354.10009765625,34.51017963136579,3.4063704302481392,48739.85201694135,7.4911087424839256,None
2024-06-06,75.55000305175781,5352.9599609375,2370.300048828125,34.40903313630641,3.409835469065446,48764.78966235963,10.700745192606332,None
2024-06-07,75.52999877929688,5346.990234375,2305.199951171875,34.55208520569259,3.409366263276654,48737.20010985487,12.902703432841868,None
2024-06-08,75.52999877929688,5346.990234375,2305.199951171875,34.43869672583499,3.4141366715488854,48725.8822300446,0.0,None
2024-06-09,75.52999877929688,5346.990234375,2305.199951171875,34.35478861788978,3.4149048904594883,48793.30451550444,0.9457124439483087,None
2024-06-10,77.73999786376953,5360.7900390625,2307.699951171875,34.39302292616652,3.4020749682176024,48808.96803603132,0.0,None
2024-06-11,77.9000015258789,5375.31982421875,2307.5,34.581321303487606,3.412037636412074,48747.054137115454,3.8299007044650932,None
2024-06-12,78.5,5421.02978515625,2336.0,34.623445011432175,3.407100070580461,48803.015583844215,7.331791872231673,None
2024-06-13,78.62000274658203,5433.740234375,2300.199951171875,34.52821426264909,3.391534251593863,48779.60837956727,9.936672582945508,None
2024-06-14,78.44999694824219,5431.60009765625,2331.39990234375,34.703880331352416,3.3872530999842043,48883.27326837814,4.620244881787386,None
2024-06-15,78.44999694824219,5431.60009765625,2331.39990234375,34.495434913939434,3.402260697890547,48947.275671663876,3.4007623837257803,None
2024-06-16,78.44999694824219,5431.60009765625,2331.39990234375,34.676724026333794,3.410762915311682,48934.909576880935,5.758789961243702,None
2024-06-17,80.33000183105469,5473.22998046875,2312.39990234375,34.58414320561285,3.4072763939676034,49008.9603949677,0.824285491849885,None
2024-06-18,81.56999969482422,5487.02978515625,2330.39990234375,34.662130160730285,3.4037838169244194,49022.35317049406,15.447693608473866,None
2024-06-19,81.56999969482422,5487.02978515625,2330.39990234375,34.75426702156945,3.4005674664122454,49074.99185425018,0.0,None
2024-06-20,82.16999816894531,5473.169921875,2353.800048828125,34.685831871811956,3.4213349462478537,49109.2284951149,5.923702894478622,None
2024-06-21,80.7300033569336,5464.6201171875,2316.39990234375,34.75588454249108,3.4251543007701692,49076.91066236536,15.118031096148197,None
2024-06-22,80.7300033569336,5464.6201171875,2316.39990234375,34.917545200772345,3.42945471724208,49054.73317074948,5.033999222799989,None
2024-06-23,80.7300033569336,5464.6201171875,2316.39990234375,34.781899532189925,3.4397575517823986,49116.23121162854,4.049804824992528,None
2024-06-24,81.62999725341797,5447.8701171875,2330.0,34.945915696619345,3.4421454433726635,49109.492445023214,3.212772885947864,None
2024-06-25,80.83000183105469,5469.2998046875,2316.60009765625,34.77220647881617,3.4395550219144564,49099.310021861114,4.098041591187961,None
2024-06-26,80.9000015258789,5477.89990234375,2299.199951171875,34.961049080539844,3.437591523423607,49061.553892893644,11.864242373382652,None
2024-06-27,81.73999786376953,5482.8701171875,2324.5,35.07516571766146,3.4368755108294664,49092.733846173316,0.0,None
2024-06-28,81.54000091552734,5460.47998046875,2327.699951171875,34.70682114180247,3.4365032884643676,49205.86009213548,12.667168506481627,None
2024-06-29,81.54000091552734,5460.47998046875,2327.699951171875,34.89729717549464,3.4437795839007377,49162.48344642276,0.0,None
2024-06-30,81.54000091552734,5460.47998046875,2327.699951171875,35.05770721271806,3.4442990427588107,49173.694419256404,3.666738353827926,None
